"division","district","thana","post_code","sub_office"
"Barisal","Barguna","Amtali","8710","Amtali"
"Barisal","Barguna","Bamna","8730","Bamna"
"Barisal","Barguna","Barguna Sadar","8700","Barguna Sadar"
"Barisal","Barguna","Barguna Sadar","8701","Nali Bandar"
"Barisal","Barguna","Betagi","8740","Betagi"
"Barisal","Barguna","Betagi","8741","Darul Ulam"
"Barisal","Barguna","Patharghata","8720","Patharghata"
"Barisal","Barguna","Patharghata","8721","Kakchira"
"Barisal","Barisal","Agailzhara","8240","Agailzhara"
"Barisal","Barisal","Agailzhara","8241","Gaila"
"Barisal","Barisal","Agailzhara","8242","Paisarhat"
"Barisal","Barisal","Babuganj","8210","Babuganj"
"Barisal","Barisal","Babuganj","8211","Rahamatpur"
"Barisal","Barisal","Babuganj","8212","Chandpasha"
"Barisal","Barisal","Babuganj","8213","Madhabpasha"
"Barisal","Barisal","Babuganj","8214","Thakur Mallik"
"Barisal","Barisal","Babuganj","8215","Nizamuddin College"
"Barisal","Barisal","Babuganj","8216","Barisal Cadet"
"Barisal","Barisal","Bakerganj","8280","Luxmibardhan"
"Barisal","Barisal","Bakerganj","8281","Charamandi"
"Barisal","Barisal","Bakerganj","8282","Padri Shibpur"
"Barisal","Barisal","Bakerganj","8283","Shialguni"
"Barisal","Barisal","Bakerganj","8284","kalaskati"
"Barisal","Barisal","Banaripara","8530","Banaripara"
"Barisal","Barisal","Banaripara","8531","Chakhar"
"Barisal","Barisal","Barajalia","8260","Barajalia"
"Barisal","Barisal","Barajalia","8261","Osman Manjil"
"Barisal","Barisal","Barisal Sadar","8200","Barisal Sadar"
"Barisal","Barisal","Barisal Sadar","8200","Chandramohon"
"Barisal","Barisal","Barisal Sadar","8201","Bukhainagar"
"Barisal","Barisal","Barisal Sadar","8202","Saheberhat"
"Barisal","Barisal","Barisal Sadar","8203","Sugandia"
"Barisal","Barisal","Barisal Sadar","8204","Patang"
"Barisal","Barisal","Barisal Sadar","8205","Kashipur"
"Barisal","Barisal","Barisal Sadar","8206","Jaguarhat"
"Barisal","Barisal","Gouranadi","8230","Gouranadi"
"Barisal","Barisal","Gouranadi","8231","Tarki Bandar"
"Barisal","Barisal","Gouranadi","8232","Kashemabad"
"Barisal","Barisal","Gouranadi","8233","Batajor"
"Barisal","Barisal","Mahendiganj","8270","Mahendiganj"
"Barisal","Barisal","Mahendiganj","8271","Laskarpur"
"Barisal","Barisal","Mahendiganj","8272","Ulania"
"Barisal","Barisal","Mahendiganj","8273","Nalgora"
"Barisal","Barisal","Mahendiganj","8274","Langutia"
"Barisal","Barisal","Muladi","8250","Muladi"
"Barisal","Barisal","Muladi","8251","Kazirchar"
"Barisal","Barisal","Muladi","8252","Charkalekhan"
"Barisal","Barisal","Uzirpur","8220","Uzirpur"
"Barisal","Barisal","Uzirpur","8221","Dhamura"
"Barisal","Barisal","Uzirpur","8222","Jugirkanda"
"Barisal","Barisal","Uzirpur","8223","Dakuarhat"
"Barisal","Barisal","Uzirpur","8224","Shikarpur"
"Barisal","Bhola","Bhola Sadar","8300","Bhola Sadar"
"Barisal","Bhola","Bhola Sadar","8301","Joynagar"
"Barisal","Bhola","Borhanuddin UPO","8320","Borhanuddin UPO"
"Barisal","Bhola","Borhanuddin UPO","8321","Mirzakalu"
"Barisal","Bhola","Charfashion","8340","Charfashion"
"Barisal","Bhola","Charfashion","8341","Dularhat"
"Barisal","Bhola","Charfashion","8342","Keramatganj"
"Barisal","Bhola","Doulatkhan","8310","Doulatkhan"
"Barisal","Bhola","Doulatkhan","8311","Hajipur"
"Barisal","Bhola","Hajirhat","8360","Hajirhat"
"Barisal","Bhola","Hatshoshiganj","8350","Hatshoshiganj"
"Barisal","Bhola","Lalmohan UPO","8330","Lalmohan UPO"
"Barisal","Bhola","Lalmohan UPO","8331","Daurihat"
"Barisal","Bhola","Lalmohan UPO","8332","Gazaria"
"Barisal","Jhalokati","Jhalokati Sadar","8400","Jhalokati Sadar"
"Barisal","Jhalokati","Jhalokati Sadar","8401","Nabagram"
"Barisal","Jhalokati","Jhalokati Sadar","8402","Baukathi"
"Barisal","Jhalokati","Jhalokati Sadar","8403","Gabha"
"Barisal","Jhalokati","Jhalokati Sadar","8404","Shekherhat"
"Barisal","Jhalokati","Kathalia","8430","Kathalia"
"Barisal","Jhalokati","Kathalia","8431","Amua"
"Barisal","Jhalokati","Kathalia","8432","Niamatee"
"Barisal","Jhalokati","Kathalia","8433","Shoulajalia"
"Barisal","Jhalokati","Nalchhiti","8420","Nalchhiti"
"Barisal","Jhalokati","Nalchhiti","8421","Beerkathi"
"Barisal","Jhalokati","Rajapur","8410","Rajapur"
"Barisal","Patuakhali","Bauphal","8620","Bauphal"
"Barisal","Patuakhali","Bauphal","8621","Bagabandar"
"Barisal","Patuakhali","Bauphal","8622","Birpasha"
"Barisal","Patuakhali","Bauphal","8623","Kalishari"
"Barisal","Patuakhali","Bauphal","8624","Kalaia"
"Barisal","Patuakhali","Dashmina","8630","Dashmina"
"Barisal","Patuakhali","Galachipa","8640","Galachipa"
"Barisal","Patuakhali","Galachipa","8641","Gazipur Bandar"
"Barisal","Patuakhali","Khepupara","8650","Khepupara"
"Barisal","Patuakhali","Khepupara","8651","Mahipur"
"Barisal","Patuakhali","Patuakhali Sadar","8600","Patuakhali Sadar"
"Barisal","Patuakhali","Patuakhali Sadar","8601","Moukaran"
"Barisal","Patuakhali","Patuakhali Sadar","8602","Dumkee"
"Barisal","Patuakhali","Patuakhali Sadar","8603","Rahimabad"
"Barisal","Patuakhali","Subidkhali","8610","Subidkhali"
"Barisal","Pirojpur","Bhandaria","8550","Bhandaria"
"Barisal","Pirojpur","Bhandaria","8551","Kanudashkathi"
"Barisal","Pirojpur","Bhandaria","8552","Dhaoa"
"Barisal","Pirojpur","kaukhali","8510","Kaukhali"
"Barisal","Pirojpur","kaukhali","8511","Keundia"
"Barisal","Pirojpur","kaukhali","8512","Joykul"
"Barisal","Pirojpur","kaukhali","8513","Jolagati"
"Barisal","Pirojpur","Mathbaria","8560","Mathbaria"
"Barisal","Pirojpur","Mathbaria","8561","Tushkhali"
"Barisal","Pirojpur","Mathbaria","8562","Halta"
"Barisal","Pirojpur","Mathbaria","8563","Gulishakhali"
"Barisal","Pirojpur","Mathbaria","8564","Tiarkhali"
"Barisal","Pirojpur","Mathbaria","8565","Betmor Natun Hat"
"Barisal","Pirojpur","Mathbaria","8566","Shilarganj"
"Barisal","Pirojpur","Nazirpur","8540","Nazirpur"
"Barisal","Pirojpur","Nazirpur","8541","Sriramkathi"
"Barisal","Pirojpur","Pirojpur Sadar","8500","Pirojpur Sadar"
"Barisal","Pirojpur","Pirojpur Sadar","8501","Hularhat"
"Barisal","Pirojpur","Pirojpur Sadar","8502","Parerhat"
"Barisal","Pirojpur","Swarupkathi","8520","Swarupkathi"
"Barisal","Pirojpur","Swarupkathi","8521","Darus Sunnat"
"Barisal","Pirojpur","Swarupkathi","8522","Kaurikhara"
"Barisal","Pirojpur","Swarupkathi","8523","Jalabari"
"Chittagong","Bandarban","Alikadam","4650","Alikadam"
"Chittagong","Bandarban","Bandarban Sadar","4600","Bandarban Sadar"
"Chittagong","Bandarban","Naikhong","4660","Naikhong"
"Chittagong","Bandarban","Roanchhari","4610","Roanchhari"
"Chittagong","Bandarban","Ruma","4620","Ruma"
"Chittagong","Bandarban","Thanchi","4630","Thanchi"
"Chittagong","Bandarban","Thanchi","4641","Lama"
"Chittagong","Brahmanbaria","Akhaura","3450","Akhaura"
"Chittagong","Brahmanbaria","Akhaura","3451","Azampur"
"Chittagong","Brahmanbaria","Akhaura","3452","Gangasagar"
"Chittagong","Brahmanbaria","Banchharampur","3420","Banchharampur"
"Chittagong","Brahmanbaria","Brahamanbaria Sadar","3400","Brahamanbaria Sadar"
"Chittagong","Brahmanbaria","Brahamanbaria Sadar","3401","Talshahar"
"Chittagong","Brahmanbaria","Brahamanbaria Sadar","3402","Ashuganj"
"Chittagong","Brahmanbaria","Brahamanbaria Sadar","3403","Ashuganj Share"
"Chittagong","Brahmanbaria","Brahamanbaria Sadar","3404","Poun"
"Chittagong","Brahmanbaria","Kasba","3460","Kasba"
"Chittagong","Brahmanbaria","Kasba","3461","Kuti"
"Chittagong","Brahmanbaria","Kasba","3462","Chandidar"
"Chittagong","Brahmanbaria","Kasba","3463","Chargachh"
"Chittagong","Brahmanbaria","Kasba","3464","Gopinathpur"
"Chittagong","Brahmanbaria","Nabinagar","3410","Nabinagar"
"Chittagong","Brahmanbaria","Nabinagar","3411","Laubfatehpur"
"Chittagong","Brahmanbaria","Nabinagar","3412","Rasullabad"
"Chittagong","Brahmanbaria","Nabinagar","3413","Shamgram"
"Chittagong","Brahmanbaria","Nabinagar","3414","Ratanpur"
"Chittagong","Brahmanbaria","Nabinagar","3415","Shahapur"
"Chittagong","Brahmanbaria","Nabinagar","3417","Kaitala"
"Chittagong","Brahmanbaria","Nabinagar","3418","Salimganj"
"Chittagong","Brahmanbaria","Nabinagar","3419","Jibanganj"
"Chittagong","Brahmanbaria","Nasirnagar","3441","Fandauk"
"Chittagong","Brahmanbaria","Nasirnagar","3443","Nasirnagar"
"Chittagong","Brahmanbaria","Sarail","3430","Sarial"
"Chittagong","Brahmanbaria","Sarail","3431","Shahbajpur"
"Chittagong","Brahmanbaria","Sarail","3432","Chandura"
"Chittagong","Chandpur","Chandpur Sadar","3600","Chandpur Sadar"
"Chittagong","Chandpur","Chandpur Sadar","3601","Puranbazar"
"Chittagong","Chandpur","Chandpur Sadar","3602","Baburhat"
"Chittagong","Chandpur","Chandpur Sadar","3603","Sahatali"
"Chittagong","Chandpur","Faridganj","3650","Faridganj"
"Chittagong","Chandpur","Faridganj","3651","Chandra"
"Chittagong","Chandpur","Faridganj","3652","Rupsha"
"Chittagong","Chandpur","Faridganj","3653","Gridkaliandia"
"Chittagong","Chandpur","Faridganj","3654","Rampurbazar"
"Chittagong","Chandpur","Faridganj","3655","Islampur Shah Isain"
"Chittagong","Chandpur","Hajiganj","3610","Hajiganj"
"Chittagong","Chandpur","Hajiganj","3611","Bolakhal"
"Chittagong","Chandpur","Hayemchar","3660","Hayemchar"
"Chittagong","Chandpur","Hayemchar","3661","Gandamara"
"Chittagong","Chandpur","Kachua","3630","Kachua"
"Chittagong","Chandpur","Kachua","3631","Pak Shrirampur"
"Chittagong","Chandpur","Kachua","3632","Rahima Nagar"
"Chittagong","Chandpur","Kachua","3633","Shachar"
"Chittagong","Chandpur","Matlobganj","3640","Matlobganj"
"Chittagong","Chandpur","Matlobganj","3641","Mohanpur"
"Chittagong","Chandpur","Matlobganj","3642","Kalipur"
"Chittagong","Chandpur","Shahrasti","3620","UNKILA"
"Chittagong","Chandpur","Shahrasti","3621","Khilabazar"
"Chittagong","Chandpur","Shahrasti","3622","Pashchim Kherihar Al"
"Chittagong","Chandpur","Shahrasti","3623","Chotoshi"
"Chittagong","Chandpur","Shahrasti","3624","Islamia Madrasha"
"Chittagong","Chittagong","Anawara","4376","Anowara"
"Chittagong","Chittagong","Anawara","4377","Paroikora"
"Chittagong","Chittagong","Anawara","4378","Battali"
"Chittagong","Chittagong","Boalkhali","4363","Kanungopara"
"Chittagong","Chittagong","Boalkhali","4364","Saroatoli"
"Chittagong","Chittagong","Boalkhali","4365","Iqbal Park"
"Chittagong","Chittagong","Boalkhali","4366","Boalkhali"
"Chittagong","Chittagong","Boalkhali","4367","Sakpura"
"Chittagong","Chittagong","Boalkhali","4368","Kadurkhal"
"Chittagong","Chittagong","Boalkhali","4369","Charandwip"
"Chittagong","Chittagong","Chittagong Sadar","4000","Chittagong GPO"
"Chittagong","Chittagong","Chittagong Sadar","4100","Chittagong Bandar"
"Chittagong","Chittagong","Chittagong Sadar","4202","Pahartoli"
"Chittagong","Chittagong","Chittagong Sadar","4203","Chawkbazar"
"Chittagong","Chittagong","Chittagong Sadar","4204","Patenga"
"Chittagong","Chittagong","Chittagong Sadar","4205","Chittagong Airport"
"Chittagong","Chittagong","Chittagong Sadar","4206","Jaldia Merine Accade"
"Chittagong","Chittagong","Chittagong Sadar","4207","Firozshah"
"Chittagong","Chittagong","Chittagong Sadar","4208","Mohard"
"Chittagong","Chittagong","Chittagong Sadar","4209","Chitt. Politechnic In"
"Chittagong","Chittagong","Chittagong Sadar","4210","Bayezid Bostami"
"Chittagong","Chittagong","Chittagong Sadar","4211","Amin Jute Mills"
"Chittagong","Chittagong","Chittagong Sadar","4212","Chandgaon"
"Chittagong","Chittagong","Chittagong Sadar","4213","Wazedia"
"Chittagong","Chittagong","Chittagong Sadar","4214","Jalalabad"
"Chittagong","Chittagong","Chittagong Sadar","4215","Anandabazar"
"Chittagong","Chittagong","Chittagong Sadar","4216","Halishahar"
"Chittagong","Chittagong","Chittagong Sadar","4217","North Katuli"
"Chittagong","Chittagong","Chittagong Sadar","4218","Chitt. Sailers Colon"
"Chittagong","Chittagong","Chittagong Sadar","4219","Chitt. Customs Acca"
"Chittagong","Chittagong","Chittagong Sadar","4220","Chitt. Cantonment"
"Chittagong","Chittagong","Chittagong Sadar","4221","Al- Amin Baria Madra"
"Chittagong","Chittagong","Chittagong Sadar","4222","Middle Patenga"
"Chittagong","Chittagong","Chittagong Sadar","4223","Export Processing"
"Chittagong","Chittagong","Chittagong Sadar","4224","Rampur TSO"
"Chittagong","Chittagong","Chittagong Sadar","4225","Khulshi"
"Chittagong","Chittagong","Chittagong Sadar","4226","North Halishahar"
"Chittagong","Chittagong","East Joara","4380","East Joara"
"Chittagong","Chittagong","East Joara","4381","Gachbaria"
"Chittagong","Chittagong","East Joara","4382","Dohazari"
"Chittagong","Chittagong","East Joara","4383","Barma"
"Chittagong","Chittagong","Fatikchhari","4350","Fatikchhari"
"Chittagong","Chittagong","Fatikchhari","4351","Nanupur"
"Chittagong","Chittagong","Fatikchhari","4352","Bhandar Sharif"
"Chittagong","Chittagong","Fatikchhari","4353","Najirhat"
"Chittagong","Chittagong","Fatikchhari","4354","Harualchhari"
"Chittagong","Chittagong","Fatikchhari","4355","Narayanhat"
"Chittagong","Chittagong","Hathazari","4330","Hathazari"
"Chittagong","Chittagong","Hathazari","4332","Gorduara"
"Chittagong","Chittagong","Hathazari","4333","Katirhat"
"Chittagong","Chittagong","Hathazari","4334","Mirzapur"
"Chittagong","Chittagong","Hathazari","4336","Madarsha"
"Chittagong","Chittagong","Hathazari","4337","Nuralibari"
"Chittagong","Chittagong","Hathazari","4338","Yunus Nagar"
"Chittagong","Chittagong","Jaldi","4390","Jaldi"
"Chittagong","Chittagong","Jaldi","4391","Khan Bahadur"
"Chittagong","Chittagong","Jaldi","4392","Gunagari"
"Chittagong","Chittagong","Jaldi","4393","Banigram"
"Chittagong","Chittagong","Lohagara","4396","Lohagara"
"Chittagong","Chittagong","Lohagara","4397","Padua"
"Chittagong","Chittagong","Lohagara","4398","Chunti"
"Chittagong","Chittagong","Madarbari","3560","Madarbari"
"Chittagong","Chittagong","Mirsharai","4320","Mirsharai"
"Chittagong","Chittagong","Mirsharai","4321","Abutorab"
"Chittagong","Chittagong","Mirsharai","4322","Darrogahat"
"Chittagong","Chittagong","Mirsharai","4323","Bharawazhat"
"Chittagong","Chittagong","Mirsharai","4324","Joarganj"
"Chittagong","Chittagong","Mirsharai","4325","Azampur"
"Chittagong","Chittagong","Mirsharai","4327","Korerhat"
"Chittagong","Chittagong","Mirsharai","4328","Mohazanhat"
"Chittagong","Chittagong","Patiya","4370","Patiya Head Office"
"Chittagong","Chittagong","Patiya","4371","Budhpara"
"Chittagong","Chittagong","Rangunia","4360","Rangunia"
"Chittagong","Chittagong","Rangunia","4361","Dhamair"
"Chittagong","Chittagong","Raozan","4341","Beenajuri"
"Chittagong","Chittagong","Raozan","4343","Gahira"
"Chittagong","Chittagong","Raozan","4345","Fatepur"
"Chittagong","Chittagong","Raozan","4347","Dewanpur"
"Chittagong","Chittagong","Raozan","4349","B.I.T Post Office"
"Chittagong","Chittagong","Rouzan","4340","Rouzan"
"Chittagong","Chittagong","Rouzan","4342","Kundeshwari"
"Chittagong","Chittagong","Rouzan","4344","jagannath Hat"
"Chittagong","Chittagong","Rouzan","4346","Guzra Noapara"
"Chittagong","Chittagong","Rouzan","4348","Mohamuni"
"Chittagong","Chittagong","Sandwip","4300","Sandwip"
"Chittagong","Chittagong","Sandwip","4301","Shiberhat"
"Chittagong","Chittagong","Sandwipjzhchj","4302","Urirchar"
"Chittagong","Chittagong","Satkania","4386","Satkania"
"Chittagong","Chittagong","Satkania","4387","Baitul Ijjat"
"Chittagong","Chittagong","Satkania","4388","Bazalia"
"Chittagong","Chittagong","Sitakunda","4310","Sitakunda"
"Chittagong","Chittagong","Sitakunda","4311","Baroidhala"
"Chittagong","Chittagong","Sitakunda","4312","Barabkunda"
"Chittagong","Chittagong","Sitakunda","4313","Bawashbaria"
"Chittagong","Chittagong","Sitakunda","4314","Kumira"
"Chittagong","Chittagong","Sitakunda","4315","Bhatiari"
"Chittagong","Chittagong","Sitakunda","4316","Fouzdarhat"
"Chittagong","Chittagong","Sitakunda","4317","Jafrabad"
"Chittagong","Comilla","Barura","3561","Poyalgachha"
"Chittagong","Comilla","Barura","3562","Murdafarganj"
"Chittagong","Comilla","Brahmanpara","3526","Brahmanpara"
"Chittagong","Comilla","Burichang","3520","Burichang"
"Chittagong","Comilla","Burichang","3521","Maynamoti bazar"
"Chittagong","Comilla","Chandina","3510","Chandia"
"Chittagong","Comilla","Chandina","3510","Mohichail"
"Chittagong","Comilla","Chandina","3511","Madhaiabazar"
"Chittagong","Comilla","Chouddagram","3550","Chouddagram"
"Chittagong","Comilla","Chouddagram","3551","Batisa"
"Chittagong","Comilla","Chouddagram","3552","Chiora"
"Chittagong","Comilla","Comilla Sadar","3500","Comilla Sadar"
"Chittagong","Comilla","Comilla Sadar","3501","Comilla Contoment"
"Chittagong","Comilla","Comilla Sadar","3502","Halimanagar"
"Chittagong","Comilla","Comilla Sadar","3503","Courtbari"
"Chittagong","Comilla","Comilla Sadar","3504","Suaganj"
"Chittagong","Comilla","Daudkandi","3516","Daudkandi"
"Chittagong","Comilla","Daudkandi","3517","Gouripur"
"Chittagong","Comilla","Daudkandi","3518","Dashpara"
"Chittagong","Comilla","Daudkandi","3519","Eliotganj"
"Chittagong","Comilla","Davidhar","3530","Davidhar"
"Chittagong","Comilla","Davidhar","3531","Gangamandal"
"Chittagong","Comilla","Davidhar","3532","Barashalghar"
"Chittagong","Comilla","Davidhar","3533","Dhamtee"
"Chittagong","Comilla","Homna","3546","Homna"
"Chittagong","Comilla","Laksam","3570","Laksam"
"Chittagong","Comilla","Laksam","3571","Lakshamanpur"
"Chittagong","Comilla","Laksam","3572","Bipulasar"
"Chittagong","Comilla","Langalkot","3580","Langalkot"
"Chittagong","Comilla","Langalkot","3581","Dhalua"
"Chittagong","Comilla","Langalkot","3582","Chhariabazar"
"Chittagong","Comilla","Langalkot","3583","Gunabati"
"Chittagong","Comilla","Muradnagar","3540","Muradnagar"
"Chittagong","Comilla","Muradnagar","3541","Ramchandarpur"
"Chittagong","Comilla","Muradnagar","3542","Companyganj"
"Chittagong","Comilla","Muradnagar","3543","Bangra"
"Chittagong","Comilla","Muradnagar","3544","Sonakanda"
"Chittagong","Comilla","Muradnagar","3545","Pantibazar"
"Chittagong","Cox's Bazar","Chiringga","4740","Chiringga"
"Chittagong","Cox's Bazar","Chiringga","4741","Chiringga S.O"
"Chittagong","Cox's Bazar","Chiringga","4742","Badarkali"
"Chittagong","Cox's Bazar","Chiringga","4743","Malumghat"
"Chittagong","Cox's Bazar","Coxs Bazar Sadar","4700","Coxs Bazar Sadar"
"Chittagong","Cox's Bazar","Coxs Bazar Sadar","4701","Zhilanja"
"Chittagong","Cox's Bazar","Coxs Bazar Sadar","4702","Eidga"
"Chittagong","Cox's Bazar","Gorakghat","4710","Gorakghat"
"Chittagong","Cox's Bazar","Kutubdia","4720","Kutubdia"
"Chittagong","Cox's Bazar","Ramu","4730","Ramu"
"Chittagong","Cox's Bazar","Teknaf","4760","Teknaf"
"Chittagong","Cox's Bazar","Teknaf","4761","Hnila"
"Chittagong","Cox's Bazar","Teknaf","4762","St.Martin"
"Chittagong","Cox's Bazar","Ukhia","4750","Ukhia"
"Chittagong","Feni","Chhagalnaia","3910","Chhagalnaia"
"Chittagong","Feni","Chhagalnaia","3911","Maharajganj"
"Chittagong","Feni","Chhagalnaia","3912","Daraga Hat"
"Chittagong","Feni","Chhagalnaia","3913","Puabashimulia"
"Chittagong","Feni","Dagonbhuia","3920","Dagondhuia"
"Chittagong","Feni","Dagonbhuia","3921","Dudmukha"
"Chittagong","Feni","Dagonbhuia","3922","Silonia"
"Chittagong","Feni","Dagonbhuia","3923","sindurpur"
"Chittagong","Feni","Feni Sadar","3900","Feni Sadar"
"Chittagong","Feni","Feni Sadar","3901","Fazilpur"
"Chittagong","Feni","Feni Sadar","3902","Sharshadie"
"Chittagong","Feni","Feni Sadar","3903","Laskarhat"
"Chittagong","Feni","Pashurampur","3940","Pashurampur"
"Chittagong","Feni","Pashurampur","3941","Shuarbazar"
"Chittagong","Feni","Pashurampur","3942","Fulgazi"
"Chittagong","Feni","Pashurampur","3943","Munshirhat"
"Chittagong","Feni","Sonagazi","3930","Sonagazi"
"Chittagong","Feni","Sonagazi","3931","Motiganj"
"Chittagong","Feni","Sonagazi","3932","Ahmadpur"
"Chittagong","Feni","Sonagazi","3933","Kazirhat"
"Chittagong","Feni","Sonagazi","3937","Mangal Kandi"
"Chittagong","Khagrachhari","Diginala","4420","Diginala"
"Chittagong","Khagrachhari","Khagrachhari Sadar","4400","Khagrachhari Sadar"
"Chittagong","Khagrachhari","Laxmichhari","4470","Laxmichhari"
"Chittagong","Khagrachhari","Mahalchhari","4430","Mahalchhari"
"Chittagong","Khagrachhari","Manikchhari","4460","Manikchhari"
"Chittagong","Khagrachhari","Matiranga","4450","Matiranga"
"Chittagong","Khagrachhari","Panchhari","4410","Panchhari"
"Chittagong","Khagrachhari","Ramghar Head Office","4440","Ramghar Head Office"
"Chittagong","Lakshmipur","Char Alexgander","3730","Char Alexgander"
"Chittagong","Lakshmipur","Char Alexgander","3732","Ramgatirhat"
"Chittagong","Lakshmipur","kamalnagar","3731","Hazir Hat"
"Chittagong","Lakshmipur","Lakshimpur Sadar","3700","Lakshimpur Sadar"
"Chittagong","Lakshmipur","Lakshimpur Sadar","3701","Dalal Bazar"
"Chittagong","Lakshmipur","Lakshimpur Sadar","3702","Bhabaniganj"
"Chittagong","Lakshmipur","Lakshimpur Sadar","3703","Mandari"
"Chittagong","Lakshmipur","Lakshimpur Sadar","3704","Keramatganj"
"Chittagong","Lakshmipur","Lakshimpur Sadar","3705","Rupchara"
"Chittagong","Lakshmipur","Lakshimpur Sadar","3706","Duttapara"
"Chittagong","Lakshmipur","Lakshimpur Sadar","3707","Choupalli"
"Chittagong","Lakshmipur","Lakshimpur Sadar","3708","Chandraganj"
"Chittagong","Lakshmipur","Lakshimpur Sadar","3709","Amani Lakshimpur"
"Chittagong","Lakshmipur","Ramganj","3720","Ramganj"
"Chittagong","Lakshmipur","Ramganj","3721","Alipur"
"Chittagong","Lakshmipur","Ramganj","3722","Panpara"
"Chittagong","Lakshmipur","Ramganj","3723","Kanchanpur"
"Chittagong","Lakshmipur","Ramganj","3724","Naagmud"
"Chittagong","Lakshmipur","Ramganj","3725","Dolta"
"Chittagong","Lakshmipur","Raypur","3710","Raypur"
"Chittagong","Lakshmipur","Raypur","3711","Rakhallia"
"Chittagong","Lakshmipur","Raypur","3712","Nagerdighirpar"
"Chittagong","Lakshmipur","Raypur","3713","Haydarganj"
"Chittagong","Lakshmipur","Raypur","3713","Khaser Hat"
"Chittagong","Lakshmipur","Raypur","3714","Bhuiyanbari"
"Chittagong","Noakhali","Basurhat","3850","Basur Hat"
"Chittagong","Noakhali","Basurhat","3851","Charhajari"
"Chittagong","Noakhali","Begumganj","3820","Begumganj"
"Chittagong","Noakhali","Begumganj","3821","Choumohani"
"Chittagong","Noakhali","Begumganj","3822","Banglabazar"
"Chittagong","Noakhali","Begumganj","3823","Mir Owarishpur"
"Chittagong","Noakhali","Begumganj","3825","Jamidar Hat"
"Chittagong","Noakhali","Begumganj","3827","Sonaimuri"
"Chittagong","Noakhali","Begumganj","3828","Gopalpur"
"Chittagong","Noakhali","Begumganj","3829","Joynarayanpur"
"Chittagong","Noakhali","Begumganj","3831","Alaiarpur"
"Chittagong","Noakhali","Begumganj","3832","Tangirpar"
"Chittagong","Noakhali","Begumganj","3833","Khalafat Bazar"
"Chittagong","Noakhali","Begumganj","3834","Rajganj"
"Chittagong","Noakhali","Begumganj","3835","Oachhekpur"
"Chittagong","Noakhali","Begumganj","3837","Bhabani Jibanpur"
"Chittagong","Noakhali","Begumganj","3838","Maheshganj"
"Chittagong","Noakhali","Begumganj","3839","Nadona"
"Chittagong","Noakhali","Begumganj","3841","Nandiapara"
"Chittagong","Noakhali","Begumganj","3842","Khalishpur"
"Chittagong","Noakhali","Begumganj","3843","Dauti"
"Chittagong","Noakhali","Begumganj","3844","Joyag"
"Chittagong","Noakhali","Begumganj","3845","Thanar Hat"
"Chittagong","Noakhali","Begumganj","3848","Durgapur"
"Chittagong","Noakhali","Chatkhil","3870","Chatkhil"
"Chittagong","Noakhali","Chatkhil","3871","Palla"
"Chittagong","Noakhali","Chatkhil","3872","Khilpara"
"Chittagong","Noakhali","Chatkhil","3873","Bodalcourt"
"Chittagong","Noakhali","Chatkhil","3874","Rezzakpur"
"Chittagong","Noakhali","Chatkhil","3875","Solla"
"Chittagong","Noakhali","Chatkhil","3877","Karihati"
"Chittagong","Noakhali","Chatkhil","3878","Dosh Gharia"
"Chittagong","Noakhali","Chatkhil","3879","Bansa Bazar"
"Chittagong","Noakhali","Chatkhil","3881","Sahapur"
"Chittagong","Noakhali","Chatkhil","3882","Sampara"
"Chittagong","Noakhali","Chatkhil","3883","Shingbahura"
"Chittagong","Noakhali","Hatiya","3890","Hatiya"
"Chittagong","Noakhali","Hatiya","3891","Afazia"
"Chittagong","Noakhali","Hatiya","3892","Tamoraddi"
"Chittagong","Noakhali","Noakhali Sadar","3800","Noakhali Sadar"
"Chittagong","Noakhali","Noakhali Sadar","3801","Noakhali College"
"Chittagong","Noakhali","Noakhali Sadar","3802","Sonapur"
"Chittagong","Noakhali","Noakhali Sadar","3803","Din Monir Hat"
"Chittagong","Noakhali","Noakhali Sadar","3804","Pak Kishoreganj"
"Chittagong","Noakhali","Noakhali Sadar","3806","Mriddarhat"
"Chittagong","Noakhali","Noakhali Sadar","3807","Kabirhat"
"Chittagong","Noakhali","Noakhali Sadar","3808","Khalifar Hat"
"Chittagong","Noakhali","Noakhali Sadar","3809","Charam Tua"
"Chittagong","Noakhali","Noakhali Sadar","3811","Chaprashir Hat"
"Chittagong","Noakhali","Noakhali Sadar","3812","Char Jabbar"
"Chittagong","Noakhali","Senbag","3860","Senbag"
"Chittagong","Noakhali","Senbag","3861","Kallyandi"
"Chittagong","Noakhali","Senbag","3862","Beezbag"
"Chittagong","Noakhali","Senbag","3863","Kankirhat"
"Chittagong","Noakhali","Senbag","3864","Chatarpaia"
"Chittagong","Noakhali","Senbag","3865","T.P. Lamua"
"Chittagong","Noakhali","Sonaimuri","3824","Bazra"
"Chittagong","Noakhali","Sonaimuri","3836","Eid Gah Amin Bazar"
"Chittagong","Noakhali","Sonaimuri","3847","Amisha Para"
"Chittagong","Rangamati","Barakal","4570","Barakal"
"Chittagong","Rangamati","Bilaichhari","4550","Bilaichhari"
"Chittagong","Rangamati","Jarachhari","4560","Jarachhari"
"Chittagong","Rangamati","Kalampati","4510","Kalampati"
"Chittagong","Rangamati","Kalampati","4511","Betbunia"
"Chittagong","Rangamati","kaptai","4530","Kaptai"
"Chittagong","Rangamati","kaptai","4531","Chandraghona"
"Chittagong","Rangamati","kaptai","4532","Kaptai Project"
"Chittagong","Rangamati","kaptai","4533","Kaptai Nuton Bazar"
"Chittagong","Rangamati","Longachh","4580","Longachh"
"Chittagong","Rangamati","Marishya","4590","Marishya"
"Chittagong","Rangamati","Naniachhar","4520","Nanichhar"
"Chittagong","Rangamati","Rajsthali","4540","Rajsthali"
"Chittagong","Rangamati","Rangamati Sadar","4500","Rangamati Sadar"
"Dhaka","Dhaka","Dhaka","1206","Dhaka Cantonment—TSO"
"Dhaka","Dhaka","Dhamrai","1350","Dhamrai"
"Dhaka","Dhaka","Dhamrai","1351","Kalampur"
"Dhaka","Dhaka","Dhanmondi","1209","Jigatala TSO"
"Dhaka","Dhaka","Dohar","1321","Hasnabad"
"Dhaka","Dhaka","Dohar","1330","Meghula"
"Dhaka","Dhaka","Dohar","1331","Joypara"
"Dhaka","Dhaka","Dohar","1331","Palamganj"
"Dhaka","Dhaka","Dohar","1332","Narisha"
"Dhaka","Dhaka","Gulshan","1212","Badda"
"Dhaka","Dhaka","Gulshan","1212","Gulshan Model Town"
"Dhaka","Dhaka","Gulshan","1213","Banani TSO"
"Dhaka","Dhaka","Hatirjheel","1217","Shantinagr"
"Dhaka","Dhaka","Jatrabari / Kadamtali","1232","Dania TSO"
"Dhaka","Dhaka","Kalabagan (Old New market)","1205","Kalabagan"
"Dhaka","Dhaka","Keraniganj","1310","Keraniganj"
"Dhaka","Dhaka","Keraniganj","1311","Dhaka Jute Mills"
"Dhaka","Dhaka","Keraniganj","1312","Ati"
"Dhaka","Dhaka","Keraniganj","1313","Kalatia"
"Dhaka","Dhaka","Khilgaon","1219","KhilgaonTSO"
"Dhaka","Dhaka","Khilkhet","1229","KhilkhetTSO"
"Dhaka","Dhaka","Lalbag","1211","Posta TSO"
"Dhaka","Dhaka","Mirpur","1216","Mirpur TSO"
"Dhaka","Dhaka","Mohammadpur","1207","Mohammadpur Housing"
"Dhaka","Dhaka","Mohammadpur","1225","Sangsad BhabanTSO"
"Dhaka","Dhaka","Motijheel","1222","BangabhabanTSO"
"Dhaka","Dhaka","Motijheel","1223","DilkushaTSO"
"Dhaka","Dhaka","Nawabganj","1320","Nawabganj"
"Dhaka","Dhaka","Nawabganj","1322","Daudpur"
"Dhaka","Dhaka","Nawabganj","1323","Agla"
"Dhaka","Dhaka","Nawabganj","1324","Khalpar"
"Dhaka","Dhaka","Nawabganj","1325","Churain"
"Dhaka","Dhaka","Palton","1000","Dhaka GPO"
"Dhaka","Dhaka","Sabujbag","1214","Basabo TSO"
"Dhaka","Dhaka","Savar","1340","Savar"
"Dhaka","Dhaka","Savar","1341","Dairy Farm"
"Dhaka","Dhaka","Savar","1342","Jahangirnagar University"
"Dhaka","Dhaka","Savar","1343","Saver P.A.T.C"
"Dhaka","Dhaka","Savar","1344","Savar Canttonment"
"Dhaka","Dhaka","Savar","1345","Shimulia"
"Dhaka","Dhaka","Savar","1346","Kashem Cotton Mills"
"Dhaka","Dhaka","Savar","1347","Rajphulbaria"
"Dhaka","Dhaka","Savar","1348","Amin Bazar"
"Dhaka","Dhaka","Savar","1349","EPZ"
"Dhaka","Dhaka","Sutrapur","1100","Dhaka Sadar HO"
"Dhaka","Dhaka","Sutrapur","1203","Wari TSO"
"Dhaka","Dhaka","Sutrapur","1204","Gandaria TSO"
"Dhaka","Dhaka","Tejgaon","1215","Tejgaon TSO"
"Dhaka","Dhaka","Tejgaon Industrial Area","1208","Dhaka Politechnic"
"Dhaka","Dhaka","Uttara","1230","Uttara Model TownTSO"
"Dhaka","Faridpur","Alfadanga","7870","Alfadanga"
"Dhaka","Faridpur","Bhanga","7830","Bhanga"
"Dhaka","Faridpur","Boalmari","7860","Boalmari"
"Dhaka","Faridpur","Boalmari","7861","Rupatpat"
"Dhaka","Faridpur","Charbhadrasan","7810","Charbadrashan"
"Dhaka","Faridpur","Faridpur Sadar","7800","Faridpursadar"
"Dhaka","Faridpur","Faridpur Sadar","7801","Kanaipur"
"Dhaka","Faridpur","Faridpur Sadar","7802","Ambikapur"
"Dhaka","Faridpur","Faridpur Sadar","7803","Baitulaman Politecni"
"Dhaka","Faridpur","Madukhali","7850","Madukhali"
"Dhaka","Faridpur","Madukhali","7851","Kamarkali"
"Dhaka","Faridpur","Nagarkanda","7840","Nagarkanda"
"Dhaka","Faridpur","Nagarkanda","7841","Talma"
"Dhaka","Faridpur","Sadarpur","7820","Sadarpur"
"Dhaka","Faridpur","Sadarpur","7821","Hat Krishapur"
"Dhaka","Faridpur","Sadarpur","7822","Bishwa jaker Manjil"
"Dhaka","Faridpur","Shriangan","7804","Shriangan"
"Dhaka","Gazipur","Gazipur Sadar","1700","Gazipur Sadar"
"Dhaka","Gazipur","Gazipur Sadar","1701","B.R.R"
"Dhaka","Gazipur","Gazipur Sadar","1702","Chandna"
"Dhaka","Gazipur","Gazipur Sadar","1703","B.O.F"
"Dhaka","Gazipur","Gazipur Sadar","1704","National University"
"Dhaka","Gazipur","Kaliakair","1346","konabari"
"Dhaka","Gazipur","Kaliakair","1750","Kaliakair"
"Dhaka","Gazipur","Kaliakair","1751","Safipur"
"Dhaka","Gazipur","Kaliganj","1720","Kaliganj"
"Dhaka","Gazipur","Kaliganj","1721","Pubail"
"Dhaka","Gazipur","Kaliganj","1722","Santanpara"
"Dhaka","Gazipur","Kaliganj","1723","Vaoal Jamalpur"
"Dhaka","Gazipur","Kapashia","1730","kapashia"
"Dhaka","Gazipur","Monnunagar","1710","Monnunagar"
"Dhaka","Gazipur","Monnunagar","1712","Ershad Nagar"
"Dhaka","Gazipur","Sreepur","1740","Sreepur"
"Dhaka","Gazipur","Sreepur","1743","Barmi"
"Dhaka","Gazipur","Sreepur","1744","Satkhamair"
"Dhaka","Gazipur","Sreepur","1745","Kawraid"
"Dhaka","Gazipur","Sreepur","1747","Bashamur"
"Dhaka","Gazipur","Sreepur","1748","Boubi"
"Dhaka","Gazipur","Sripur","1740","Tengra"
"Dhaka","Gazipur","Sripur","1740","Tepirbari"
"Dhaka","Gazipur","Sripur","1741","Rajendrapur"
"Dhaka","Gazipur","Sripur","1742","Rajendrapur Canttome"
"Dhaka","Gazipur","Turag","1711","Nishat Nagar"
"Dhaka","Gopalganj","Gopalganj Sadar","8013","Chandradighalia"
"Dhaka","Gopalganj","Gopalganj Sadar","8100","Gopalganj Sadar"
"Dhaka","Gopalganj","Gopalganj Sadar","8101","Ulpur"
"Dhaka","Gopalganj","Gopalganj Sadar","8102","Barfa"
"Dhaka","Gopalganj","Kashiani","8130","Kashiani"
"Dhaka","Gopalganj","Kashiani","8131","Ramdia College"
"Dhaka","Gopalganj","Kashiani","8132","Ratoil"
"Dhaka","Gopalganj","Kashiani","8133","Jonapur"
"Dhaka","Gopalganj","Kotalipara","8110","Kotalipara"
"Dhaka","Gopalganj","Maksudpur","8141","Batkiamari"
"Dhaka","Gopalganj","Maksudpur","8142","Khandarpara"
"Dhaka","Gopalganj","Muksudpur","8140","Muksudpur"
"Dhaka","Gopalganj","Tungipara","8120","Tungipara"
"Dhaka","Gopalganj","Tungipara","8121","Patgati"
"Dhaka","Kishoreganj","Bajitpur","2336","Bajitpur"
"Dhaka","Kishoreganj","Bajitpur","2337","Sararchar"
"Dhaka","Kishoreganj","Bhairob","2350","Bhairab"
"Dhaka","Kishoreganj","Hossenpur","2320","Hossenpur"
"Dhaka","Kishoreganj","Itna","2390","Itna"
"Dhaka","Kishoreganj","Karimganj","2310","Karimganj"
"Dhaka","Kishoreganj","Katiadi","2330","Katiadi"
"Dhaka","Kishoreganj","Katiadi","2331","Gochhihata"
"Dhaka","Kishoreganj","Kishoreganj Sadar","2300","Kishoreganj Sadar"
"Dhaka","Kishoreganj","Kishoreganj Sadar","2301","Kishoreganj S.Mills"
"Dhaka","Kishoreganj","Kishoreganj Sadar","2302","Maizhati"
"Dhaka","Kishoreganj","Kishoreganj Sadar","2303","Nilganj"
"Dhaka","Kishoreganj","Kuliarchar","2338","Laksmipur"
"Dhaka","Kishoreganj","Kuliarchar","2340","Kuliarchar"
"Dhaka","Kishoreganj","Kuliarchar","2341","Chhoysuti"
"Dhaka","Kishoreganj","Mithamoin","2370","MIthamoin"
"Dhaka","Kishoreganj","Mithamoin","2371","Abdullahpur"
"Dhaka","Kishoreganj","Nikli","2360","Nikli"
"Dhaka","Kishoreganj","Ostagram","2380","Ostagram"
"Dhaka","Kishoreganj","Pakundia","2326","Pakundia"
"Dhaka","Kishoreganj","Tarial","2316","Tarial"
"Dhaka","Madaripur","Barhamganj","7930","Barhamganj"
"Dhaka","Madaripur","Barhamganj","7931","Nilaksmibandar"
"Dhaka","Madaripur","Barhamganj","7932","Bahadurpur"
"Dhaka","Madaripur","Barhamganj","7933","Umedpur"
"Dhaka","Madaripur","kalkini","7920","Kalkini"
"Dhaka","Madaripur","kalkini","7921","Sahabrampur"
"Dhaka","Madaripur","Madaripur Sadar","7900","Madaripur Sadar"
"Dhaka","Madaripur","Madaripur Sadar","7901","Charmugria"
"Dhaka","Madaripur","Madaripur Sadar","7902","Kulpaddi"
"Dhaka","Madaripur","Madaripur Sadar","7903","Habiganj"
"Dhaka","Madaripur","Madaripur Sadar","7904","Mustafapur"
"Dhaka","Madaripur","Rajoir","7910","Rajoir"
"Dhaka","Madaripur","Rajoir","7911","Khalia"
"Dhaka","Manikganj","Doulatpur","1860","Doulatpur"
"Dhaka","Manikganj","Ghior","1840","Ghior"
"Dhaka","Manikganj","Lechhraganj","1830","Lechhraganj"
"Dhaka","Manikganj","Lechhraganj","1831","Jhitka"
"Dhaka","Manikganj","Manikganj Sadar","1800","Manikganj Sadar"
"Dhaka","Manikganj","Manikganj Sadar","1801","Manikganj Bazar"
"Dhaka","Manikganj","Manikganj Sadar","1802","Gorpara"
"Dhaka","Manikganj","Manikganj Sadar","1803","Mahadebpur"
"Dhaka","Manikganj","Manikganj Sadar","1804","Barangail"
"Dhaka","Manikganj","Saturia","1810","Saturia"
"Dhaka","Manikganj","Saturia","1811","Baliati"
"Dhaka","Manikganj","Shibloya","1850","Shibaloy"
"Dhaka","Manikganj","Shibloya","1851","Aricha"
"Dhaka","Manikganj","Shibloya","1852","Tewta"
"Dhaka","Manikganj","Shibloya","1853","Uthli"
"Dhaka","Manikganj","Singair","1820","Singair"
"Dhaka","Manikganj","Singair","1821","Baira"
"Dhaka","Manikganj","Singair","1822","joymantop"
"Dhaka","Munshiganj","Gajaria","1510","Gajaria"
"Dhaka","Munshiganj","Gajaria","1511","Hossendi"
"Dhaka","Munshiganj","Gajaria","1512","Rasulpur"
"Dhaka","Munshiganj","Lohajong","1333","Haridia"
"Dhaka","Munshiganj","Lohajong","1334","Gouragonj"
"Dhaka","Munshiganj","Lohajong","1335","Madini Mandal"
"Dhaka","Munshiganj","Lohajong","1530","Lohajang"
"Dhaka","Munshiganj","Lohajong","1531","Korhati"
"Dhaka","Munshiganj","Lohajong","1532","Haldia SO"
"Dhaka","Munshiganj","Lohajong","1533","Haridia DESO"
"Dhaka","Munshiganj","Lohajong","1534","Gouragonj"
"Dhaka","Munshiganj","Lohajong","1535","Medini Mandal EDSO"
"Dhaka","Munshiganj","Munshiganj Sadar","1500","Munshiganj Sadar"
"Dhaka","Munshiganj","Munshiganj Sadar","1501","Rikabibazar"
"Dhaka","Munshiganj","Munshiganj Sadar","1502","Mirkadim"
"Dhaka","Munshiganj","Munshiganj Sadar","1503","Kathakhali"
"Dhaka","Munshiganj","Sirajdikhan","1540","Sirajdikhan"
"Dhaka","Munshiganj","Sirajdikhan","1541","Kola"
"Dhaka","Munshiganj","Sirajdikhan","1542","Ichapur"
"Dhaka","Munshiganj","Sirajdikhan","1543","Malkha Nagar"
"Dhaka","Munshiganj","Sirajdikhan","1544","Shekher Nagar"
"Dhaka","Munshiganj","Sreenagar","1550","Sreenagar"
"Dhaka","Munshiganj","Sreenagar","1551","Rarikhal"
"Dhaka","Munshiganj","Sreenagar","1552","Maijpara"
"Dhaka","Munshiganj","Sreenagar","1553","Hashara"
"Dhaka","Munshiganj","Sreenagar","1554","Kolapara"
"Dhaka","Munshiganj","Sreenagar","1555","Kumarbhog"
"Dhaka","Munshiganj","Sreenagar","1556","Vaggyakul SO"
"Dhaka","Munshiganj","Sreenagar","1557","Baghra"
"Dhaka","Munshiganj","Sreenagar","1558","Bhaggyakul"
"Dhaka","Munshiganj","Tangibari","1520","Tangibari"
"Dhaka","Munshiganj","Tangibari","1521","Betkahat"
"Dhaka","Munshiganj","Tangibari","1522","Baligao"
"Dhaka","Munshiganj","Tangibari","1523","Bajrajugini"
"Dhaka","Munshiganj","Tangibari","1524","Hasail"
"Dhaka","Munshiganj","Tangibari","1525","Dighirpar"
"Dhaka","Munshiganj","Tangibari","1526","Pura EDSO"
"Dhaka","Munshiganj","Tangibari","1527","Pura"
"Dhaka","Narayanganj","Araihazar","1450","Araihazar"
"Dhaka","Narayanganj","Araihazar","1451","Gopaldi"
"Dhaka","Narayanganj","Baidder Bazar","1440","Baidder Bazar"
"Dhaka","Narayanganj","Baidder Bazar","1441","Bara Nagar"
"Dhaka","Narayanganj","Baidder Bazar","1442","Barodi"
"Dhaka","Narayanganj","Bandar","1410","Bandar"
"Dhaka","Narayanganj","Bandar","1411","D.C Mills"
"Dhaka","Narayanganj","Bandar","1412","Nabiganj"
"Dhaka","Narayanganj","Bandar","1413","BIDS"
"Dhaka","Narayanganj","Bandar","1414","Madanganj"
"Dhaka","Narayanganj","Fatullah","1420","Fatullah"
"Dhaka","Narayanganj","Fatullah","1421","Fatulla Bazar"
"Dhaka","Narayanganj","Narayanganj Sadar","1400","Narayanganj Sadar"
"Dhaka","Narayanganj","Rupganj","1460","Rupganj"
"Dhaka","Narayanganj","Rupganj","1461","Kanchan"
"Dhaka","Narayanganj","Rupganj","1462","Bhulta"
"Dhaka","Narayanganj","Rupganj","1463","Nagri"
"Dhaka","Narayanganj","Rupganj","1464","Murapara"
"Dhaka","Narayanganj","Siddirganj","1430","Siddirganj"
"Dhaka","Narayanganj","Siddirganj","1431","Adamjeenagar"
"Dhaka","Narayanganj","Siddirganj","1432","LN Mills"
"Dhaka","Narayanganj","Sonargaon","1460","Jampur"
"Dhaka","Narsingdi","Belabo","1640","Belabo"
"Dhaka","Narsingdi","Madhabdi","1604","Madhabdi"
"Dhaka","Narsingdi","Monohordi","1650","Monohordi"
"Dhaka","Narsingdi","Monohordi","1651","Hatirdia"
"Dhaka","Narsingdi","Monohordi","1652","Katabaria"
"Dhaka","Narsingdi","Narsingdi Sadar","1600","Narsingdi Sadar"
"Dhaka","Narsingdi","Narsingdi Sadar","1601","UMC Jute Mills"
"Dhaka","Narsingdi","Narsingdi Sadar","1602","Narsingdi College"
"Dhaka","Narsingdi","Narsingdi Sadar","1603","Panchdona"
"Dhaka","Narsingdi","Narsingdi Sadar","1605","Karimpur"
"Dhaka","Narsingdi","Palash","1610","Palash"
"Dhaka","Narsingdi","Palash","1611","Sarkarkhana"
"Dhaka","Narsingdi","Palash","1612","Char Sindhur"
"Dhaka","Narsingdi","Palash","1613","Ghorashal"
"Dhaka","Narsingdi","Raypura","1630","Raypura"
"Dhaka","Narsingdi","Raypura","1631","Bazar Hasnabad"
"Dhaka","Narsingdi","Raypura","1632","Radhaganj bazar"
"Dhaka","Narsingdi","Shibpur","1620","Shibpur"
"Dhaka","Rajbari","Baliakandi","7730","Baliakandi"
"Dhaka","Rajbari","Baliakandi","7731","Nalia"
"Dhaka","Rajbari","Pangsha","7720","Pangsha"
"Dhaka","Rajbari","Pangsha","7721","Ramkol"
"Dhaka","Rajbari","Pangsha","7722","Ratandia"
"Dhaka","Rajbari","Pangsha","7723","Mrigibazar"
"Dhaka","Rajbari","Rajbari Sadar","7700","Rajbari Sadar"
"Dhaka","Rajbari","Rajbari Sadar","7710","Goalanda"
"Dhaka","Rajbari","Rajbari Sadar","7711","Khankhanapur"
"Dhaka","Shariatpur","Bhedorganj","8030","Bhedorganj"
"Dhaka","Shariatpur","Damudhya","8040","Damudhya"
"Dhaka","Shariatpur","Gosairhat","8050","Gosairhat"
"Dhaka","Shariatpur","Jajira","8010","Jajira"
"Dhaka","Shariatpur","Naria","8020","Naria"
"Dhaka","Shariatpur","Naria","8021","Bhozeshwar"
"Dhaka","Shariatpur","Naria","8022","Gharisar"
"Dhaka","Shariatpur","Naria","8023","Upshi"
"Dhaka","Shariatpur","Naria","8024","Kartikpur"
"Dhaka","Shariatpur","Shariatpur Sadar","8000","Shariatpur Sadar"
"Dhaka","Shariatpur","Shariatpur Sadar","8001","Angaria"
"Dhaka","Shariatpur","Shariatpur Sadar","8002","Chikandi"
"Dhaka","Tangail","Basail","1920","Basail"
"Dhaka","Tangail","Bhuapur","1960","Bhuapur"
"Dhaka","Tangail","Delduar","1910","Delduar"
"Dhaka","Tangail","Delduar","1911","Jangalia"
"Dhaka","Tangail","Delduar","1912","Patharail"
"Dhaka","Tangail","Delduar","1913","Elasin"
"Dhaka","Tangail","Delduar","1914","Hinga Nagar"
"Dhaka","Tangail","Delduar","1915","Lowhati"
"Dhaka","Tangail","Ghatail","1980","Ghatial"
"Dhaka","Tangail","Ghatail","1981","Zahidganj"
"Dhaka","Tangail","Ghatail","1982","D. Pakutia"
"Dhaka","Tangail","Ghatail","1983","Dhalapara"
"Dhaka","Tangail","Ghatail","1984","Lohani"
"Dhaka","Tangail","Gopalpur","1990","Gopalpur"
"Dhaka","Tangail","Gopalpur","1991","Chatutia"
"Dhaka","Tangail","Gopalpur","1991","Jhowail"
"Dhaka","Tangail","Gopalpur","1992","Hemnagar"
"Dhaka","Tangail","Kalihati","1970","Kalihati"
"Dhaka","Tangail","Kalihati","1971","Rajafair"
"Dhaka","Tangail","Kalihati","1972","Nagbari"
"Dhaka","Tangail","Kalihati","1973","Ballabazar"
"Dhaka","Tangail","Kalihati","1974","Elinga"
"Dhaka","Tangail","Kalihati","1975","Palisha"
"Dhaka","Tangail","Kalihati","1976","Nagarbari SO"
"Dhaka","Tangail","Kalihati","1977","Nagarbari"
"Dhaka","Tangail","Kashkaolia","1930","Kashkawlia"
"Dhaka","Tangail","Madhupur","1996","Madhupur"
"Dhaka","Tangail","Madhupur","1997","Dhonbari"
"Dhaka","Tangail","Mirzapur","1940","Mirzapur"
"Dhaka","Tangail","Mirzapur","1941","Gorai"
"Dhaka","Tangail","Mirzapur","1942","M.C. College"
"Dhaka","Tangail","Mirzapur","1943","Warri paikpara"
"Dhaka","Tangail","Mirzapur","1944","Jarmuki"
"Dhaka","Tangail","Mirzapur","1945","Mohera"
"Dhaka","Tangail","Nagarpur","1936","Nagarpur"
"Dhaka","Tangail","Nagarpur","1937","Dhuburia"
"Dhaka","Tangail","Nagarpur","1938","Salimabad"
"Dhaka","Tangail","Sakhipur","1950","Sakhipur"
"Dhaka","Tangail","Sakhipur","1951","Kochua"
"Dhaka","Tangail","Tangail Sadar","1900","Tangail Sadar"
"Dhaka","Tangail","Tangail Sadar","1901","Kagmari"
"Dhaka","Tangail","Tangail Sadar","1902","Santosh"
"Dhaka","Tangail","Tangail Sadar","1903","Korotia"
"Dhaka","Tangail","Tangail Sadar","1904","Purabari"
"Khulna","Bagerhat","Bagerhat Sadar","9300","Bagerhat Sadar"
"Khulna","Bagerhat","Bagerhat Sadar","9301","P.C College"
"Khulna","Bagerhat","Bagerhat Sadar","9302","Rangdia"
"Khulna","Bagerhat","Chalna Ankorage","9350","Chalna Ankorage"
"Khulna","Bagerhat","Chalna Ankorage","9351","Mongla Port"
"Khulna","Bagerhat","Chitalmari","9360","Chitalmari"
"Khulna","Bagerhat","Chitalmari","9361","Barabaria"
"Khulna","Bagerhat","Fakirhat","9370","Fakirhat"
"Khulna","Bagerhat","Fakirhat","9371","Mansa"
"Khulna","Bagerhat","Fakirhat","9372","Bhanganpar Bazar"
"Khulna","Bagerhat","Kachua UPO","9310","Kachua"
"Khulna","Bagerhat","Kachua UPO","9311","Sonarkola"
"Khulna","Bagerhat","Mollahat","9380","Mollahat"
"Khulna","Bagerhat","Mollahat","9381","Kahalpur"
"Khulna","Bagerhat","Mollahat","9382","Dariala"
"Khulna","Bagerhat","Mollahat","9383","Charkulia"
"Khulna","Bagerhat","Mollahat","9384","Nagarkandi"
"Khulna","Bagerhat","Mollahat","9385","Pak Gangni"
"Khulna","Bagerhat","Morelganj","9320","Morelganj"
"Khulna","Bagerhat","Morelganj","9321","Sannasi Bazar"
"Khulna","Bagerhat","Morelganj","9322","Teligatee"
"Khulna","Bagerhat","Rampal","9340","Rampal"
"Khulna","Bagerhat","Rampal","9341","Foylahat"
"Khulna","Bagerhat","Rampal","9342","Sonatunia"
"Khulna","Bagerhat","Rampal","9343","Gourambha"
"Khulna","Bagerhat","Rayenda","9330","Rayenda"
"Khulna","Chuadanga","Alamdanga","7210","Alamdanga"
"Khulna","Chuadanga","Alamdanga","7211","Hardi"
"Khulna","Chuadanga","Chuadanga Sadar","7200","Chuadanga Sadar"
"Khulna","Chuadanga","Chuadanga Sadar","7201","Munshiganj"
"Khulna","Chuadanga","Damurhuda","7220","Damurhuda"
"Khulna","Chuadanga","Damurhuda","7221","Darshana"
"Khulna","Chuadanga","Damurhuda","7222","Andulbaria"
"Khulna","Chuadanga","Doulatganj","7230","Doulatganj"
"Khulna","Jessore","Bagharpara","7470","Bagharpara"
"Khulna","Jessore","Bagharpara","7471","Gouranagar"
"Khulna","Jessore","Chaugachha","7410","Chougachha"
"Khulna","Jessore","Jessore Sadar","7400","Jessore Sadar"
"Khulna","Jessore","Jessore Sadar","7401","Jessore Upa-Shahar"
"Khulna","Jessore","Jessore Sadar","7402","Chanchra"
"Khulna","Jessore","Jessore Sadar","7403","Jessore canttonment"
"Khulna","Jessore","Jessore Sadar","7404","Jessore Airbach"
"Khulna","Jessore","Jessore Sadar","7405","Rupdia"
"Khulna","Jessore","Jessore Sadar","7406","Basundia"
"Khulna","Jessore","Jessore Sadar","7407","Churamankathi"
"Khulna","Jessore","Jhikargachha","7420","Jhikargachha"
"Khulna","Jessore","Keshabpur","7450","Keshobpur"
"Khulna","Jessore","Monirampur","7440","Monirampur"
"Khulna","Jessore","Noapara","7460","Noapara"
"Khulna","Jessore","Noapara","7461","Rajghat"
"Khulna","Jessore","Noapara","7462","Bhugilhat"
"Khulna","Jessore","Sarsa","7430","Sarsa"
"Khulna","Jessore","Sarsa","7431","Benapole"
"Khulna","Jessore","Sarsa","7432","Jadabpur"
"Khulna","Jessore","Sarsa","7433","Bag Achra"
"Khulna","Jhenaidah","Harinakundu","7310","Harinakundu"
"Khulna","Jhenaidah","Jhenaidah Sadar","7300","Jhenaidah Sadar"
"Khulna","Jhenaidah","Jhenaidah Sadar","7301","Jhenaidah Cadet College"
"Khulna","Jhenaidah","Kotchandpur","7330","Kotchandpur"
"Khulna","Jhenaidah","Maheshpur","7340","Maheshpur"
"Khulna","Jhenaidah","Naldanga","7350","Naldanga"
"Khulna","Jhenaidah","Naldanga","7351","Hatbar Bazar"
"Khulna","Jhenaidah","Shailakupa","7320","Shailakupa"
"Khulna","Jhenaidah","Shailakupa","7321","Kumiradaha"
"Khulna","Khulna","Alaipur","9240","Alaipur"
"Khulna","Khulna","Alaipur","9241","Rupsha"
"Khulna","Khulna","Alaipur","9242","Belphulia"
"Khulna","Khulna","Batiaghat","9260","Batiaghat"
"Khulna","Khulna","Batiaghat","9261","Surkalee"
"Khulna","Khulna","Chalna Bazar","9270","Chalna Bazar"
"Khulna","Khulna","Chalna Bazar","9271","Dakup"
"Khulna","Khulna","Chalna Bazar","9272","Bajua"
"Khulna","Khulna","Chalna Bazar","9273","Nalian"
"Khulna","Khulna","Digalia","9220","Digalia"
"Khulna","Khulna","Digalia","9221","Chandni Mahal"
"Khulna","Khulna","Digalia","9222","Senhati"
"Khulna","Khulna","Digalia","9223","Ghoshghati"
"Khulna","Khulna","Digalia","9224","Gazirhat"
"Khulna","Khulna","Khulna Sadar","9000","Khulna G.P.O"
"Khulna","Khulna","Khulna Sadar","9100","Khulna Sadar"
"Khulna","Khulna","Khulna Sadar","9201","Khulna Shipyard"
"Khulna","Khulna","Khulna Sadar","9202","Doulatpur"
"Khulna","Khulna","Khulna Sadar","9203","BIT Khulna"
"Khulna","Khulna","Khulna Sadar","9204","Siramani"
"Khulna","Khulna","Khulna Sadar","9205","Jahanabad Canttonmen"
"Khulna","Khulna","Khulna Sadar","9206","Sonali Jute Mills"
"Khulna","Khulna","Khulna Sadar","9207","Atra Shilpa Area"
"Khulna","Khulna","Khulna Sadar","9208","Khulna University"
"Khulna","Khulna","Koyra","9290","Koyra"
"Khulna","Khulna","Koyra","9291","Amadee"
"Khulna","Khulna","Paikgachha","9280","Paikgachha"
"Khulna","Khulna","Paikgachha","9281","Godaipur"
"Khulna","Khulna","Paikgachha","9282","Kapilmoni"
"Khulna","Khulna","Paikgachha","9283","Katipara"
"Khulna","Khulna","Paikgachha","9284","Chandkhali"
"Khulna","Khulna","Paikgachha","9285","Garaikhali"
"Khulna","Khulna","Phultala","9210","Phultala"
"Khulna","Khulna","Sajiara","9250","Sajiara"
"Khulna","Khulna","Sajiara","9251","Ghonabanda"
"Khulna","Khulna","Sajiara","9252","Chuknagar"
"Khulna","Khulna","Sajiara","9253","Shahapur"
"Khulna","Khulna","Terakhada","9230","Terakhada"
"Khulna","Khulna","Terakhada","9231","Pak Barasat"
"Khulna","Kushtia","Bheramara","7040","Bheramara"
"Khulna","Kushtia","Bheramara","7041","Ganges Bheramara"
"Khulna","Kushtia","Daulatpur","7042","Allardarga"
"Khulna","Kushtia","Janipur","7020","Janipur"
"Khulna","Kushtia","Janipur","7021","Khoksa"
"Khulna","Kushtia","Kumarkhali","7010","Kumarkhali"
"Khulna","Kushtia","Kumarkhali","7011","Panti"
"Khulna","Kushtia","Kushtia Sadar","7000","Kushtia Sadar"
"Khulna","Kushtia","Kushtia Sadar","7001","Kushtia Mohini"
"Khulna","Kushtia","Kushtia Sadar","7002","Jagati"
"Khulna","Kushtia","Kushtia Sadar","7003","Islami University"
"Khulna","Kushtia","Mirpur","7030","Mirpur"
"Khulna","Kushtia","Mirpur","7031","Poradaha"
"Khulna","Kushtia","Mirpur","7032","Amla Sadarpur"
"Khulna","Kushtia","Rafayetpur","7050","Rafayetpur"
"Khulna","Kushtia","Rafayetpur","7051","Taragunia"
"Khulna","Kushtia","Rafayetpur","7052","Khasmathurapur"
"Khulna","Magura","Arpara","7620","Arpara"
"Khulna","Magura","Magura Sadar","7600","Magura Sadar"
"Khulna","Magura","Mohammadpur","7630","Mohammadpur"
"Khulna","Magura","Mohammadpur","7631","Binodpur"
"Khulna","Magura","Mohammadpur","7632","Nahata"
"Khulna","Magura","Shripur","7610","Shripur"
"Khulna","Magura","Shripur","7611","Langalbadh"
"Khulna","Magura","Shripur","7612","Nachol"
"Khulna","Meherpur","Gangni","7110","Gangni"
"Khulna","Meherpur","Meherpur Sadar","7100","Meherpur Sadar"
"Khulna","Meherpur","Meherpur Sadar","7101","Amjhupi"
"Khulna","Meherpur","Meherpur Sadar","7102","Mujib Nagar Complex"
"Khulna","Meherpur","Meherpur Sadar","7152","Amjhupi"
"Khulna","Narail","Kalia","7520","Kalia"
"Khulna","Narail","Laxmipasha","7510","Laxmipasha"
"Khulna","Narail","Laxmipasha","7511","Lohagora"
"Khulna","Narail","Laxmipasha","7512","Itna"
"Khulna","Narail","Laxmipasha","7513","Naldi"
"Khulna","Narail","Laxmipasha","7514","Baradia"
"Khulna","Narail","Mohajan","7521","Mohajan"
"Khulna","Narail","Narail Sadar","7500","Narail Sadar"
"Khulna","Narail","Narail Sadar","7501","Ratanganj"
"Khulna","Satkhira","Ashashuni","9460","Ashashuni"
"Khulna","Satkhira","Ashashuni","9461","Baradal"
"Khulna","Satkhira","Debbhata","9430","Debbhata"
"Khulna","Satkhira","Debbhata","9431","Gurugram"
"Khulna","Satkhira","kalaroa","9410","kalaroa"
"Khulna","Satkhira","kalaroa","9410","Murarikati"
"Khulna","Satkhira","kalaroa","9412","Jhaudanga"
"Khulna","Satkhira","kalaroa","9413","Hamidpur"
"Khulna","Satkhira","kalaroa","9414","Khordo"
"Khulna","Satkhira","kalaroa","9415","Chandanpur"
"Khulna","Satkhira","Kaliganj UPO","9440","Kaliganj UPO"
"Khulna","Satkhira","Kaliganj UPO","9441","Nalta Mubaroknagar"
"Khulna","Satkhira","Kaliganj UPO","9442","Ratanpur"
"Khulna","Satkhira","Nakipur","9450","Nakipur"
"Khulna","Satkhira","Nakipur","9451","Noornagar"
"Khulna","Satkhira","Nakipur","9452","Naobeki"
"Khulna","Satkhira","Nakipur","9453","Buri Goalini"
"Khulna","Satkhira","Nakipur","9454","Gabura"
"Khulna","Satkhira","Nakipur","9455","Habinagar"
"Khulna","Satkhira","Satkhira Sadar","9400","Satkhira Sadar"
"Khulna","Satkhira","Satkhira Sadar","9401","Satkhira Islamia Acc"
"Khulna","Satkhira","Satkhira Sadar","9402","Gunakar kati"
"Khulna","Satkhira","Satkhira Sadar","9403","Budhhat"
"Khulna","Satkhira","Taala","9420","Taala"
"Khulna","Satkhira","Taala","9421","Patkelghata"
"Mymensingh","Jamalpur","Bakshiganj","2140","Bakshiganj"
"Mymensingh","Jamalpur","Dewangonj","2030","Dewangonj"
"Mymensingh","Jamalpur","Dewangonj","2032","Dewangonj S. Mills"
"Mymensingh","Jamalpur","Islampur","2020","Islampur"
"Mymensingh","Jamalpur","Islampur","2021","Durmoot"
"Mymensingh","Jamalpur","Islampur","2022","Gilabari"
"Mymensingh","Jamalpur","Jamalpur","2000","Jamalpur"
"Mymensingh","Jamalpur","Jamalpur","2001","Nandina"
"Mymensingh","Jamalpur","Jamalpur","2002","Narundi"
"Mymensingh","Jamalpur","Madarganj","2041","Balijhuri"
"Mymensingh","Jamalpur","Madarganj","2051","Adarvita"
"Mymensingh","Jamalpur","Madarganjng","2040","Madarganj"
"Mymensingh","Jamalpur","Melandah","2010","Melandah"
"Mymensingh","Jamalpur","Melandah","2011","Jalalpur"
"Mymensingh","Jamalpur","Melandah","2012","Malancha"
"Mymensingh","Jamalpur","Melandah","2013","Mahmudpur"
"Mymensingh","Jamalpur","Sharishabari","2050","Sharishabari"
"Mymensingh","Jamalpur","Sharishabari","2052","Bausee"
"Mymensingh","Jamalpur","Sharishabari","2053","Jagannath Ghat"
"Mymensingh","Jamalpur","Sharishabari","2054","Pingna"
"Mymensingh","Jamalpur","Sharishabari","2055","Jamuna Sar Karkhanayy"
"Mymensingh","Mymensingh","Bhaluka","2240","Bhaluka"
"Mymensingh","Mymensingh","Fulbaria","2216","Fulbaria"
"Mymensingh","Mymensingh","Gaforgaon","2230","Gaforgaon"
"Mymensingh","Mymensingh","Gaforgaon","2231","Shibganj"
"Mymensingh","Mymensingh","Gaforgaon","2232","Usti"
"Mymensingh","Mymensingh","Gaforgaon","2233","Kandipara"
"Mymensingh","Mymensingh","Gaforgaon","2234","Dobasia"
"Mymensingh","Mymensingh","Gouripur","2270","Gouripur"
"Mymensingh","Mymensingh","Gouripur","2271","Ramgopalpur"
"Mymensingh","Mymensingh","Haluaghat","2260","Haluaghat"
"Mymensingh","Mymensingh","Haluaghat","2261","Dhara"
"Mymensingh","Mymensingh","Haluaghat","2262","Munshirhat"
"Mymensingh","Mymensingh","Isshwargonj","2280","Isshwargonj"
"Mymensingh","Mymensingh","Isshwargonj","2281","Sohagi"
"Mymensingh","Mymensingh","Isshwargonj","2282","Atharabari"
"Mymensingh","Mymensingh","Muktagachha","2210","Muktagachha"
"Mymensingh","Mymensingh","Mymensingh Sadar","2200","Mymensingh Sadar"
"Mymensingh","Mymensingh","Mymensingh Sadar","2201","Kawatkhali"
"Mymensingh","Mymensingh","Mymensingh Sadar","2202","Agriculture Universi"
"Mymensingh","Mymensingh","Mymensingh Sadar","2203","Shombhuganj"
"Mymensingh","Mymensingh","Mymensingh Sadar","2204","Biddyaganj"
"Mymensingh","Mymensingh","Mymensingh Sadar","2205","Pearpur"
"Mymensingh","Mymensingh","Nandail","2290","Nandail"
"Mymensingh","Mymensingh","Nandail","2291","Gangail"
"Mymensingh","Mymensingh","Phulpur","2250","Phulpur"
"Mymensingh","Mymensingh","Phulpur","2251","Beltia"
"Mymensingh","Mymensingh","Phulpur","2252","Tarakanda"
"Mymensingh","Mymensingh","Trishal","2220","Trishal"
"Mymensingh","Mymensingh","Trishal","2221","Ahmadbad"
"Mymensingh","Mymensingh","Trishal","2222","Ram Amritaganj"
"Mymensingh","Mymensingh","Trishal","2223","Dhala"
"Mymensingh","Netrakona","Atpara","2470","Atpara"
"Mymensingh","Netrakona","Barhatta","2440","Barhatta"
"Mymensingh","Netrakona","Dharmapasha","2450","Dharampasha"
"Mymensingh","Netrakona","Dhobaura","2416","Dhobaura"
"Mymensingh","Netrakona","Dhobaura","2417","Sakoai"
"Mymensingh","Netrakona","Kalmakanda","2430","Kalmakanda"
"Mymensingh","Netrakona","Kendua","2480","Kendua"
"Mymensingh","Netrakona","Khaliajuri","2460","Khaliajhri"
"Mymensingh","Netrakona","Khaliajuri","2462","Shaldigha"
"Mymensingh","Netrakona","Madan","2490","Madan"
"Mymensingh","Netrakona","Moddhynagar","2456","Moddoynagar"
"Mymensingh","Netrakona","Mohanganj","2446","Mohanganj"
"Mymensingh","Netrakona","Netrakona Sadar","2400","Netrakona Sadar"
"Mymensingh","Netrakona","Netrakona Sadar","2401","Baikherhati"
"Mymensingh","Netrakona","Purbadhola","2410","Purbadhola"
"Mymensingh","Netrakona","Purbadhola","2411","Shamgonj"
"Mymensingh","Netrakona","Purbadhola","2412","Jaria Jhanjhail"
"Mymensingh","Netrakona","Susung Durgapur","2420","Susnng Durgapur"
"Mymensingh","Sherpur","Bakshigonj","2140","Bakshigonj"
"Mymensingh","Sherpur","Jhinaigati","2120","Jhinaigati"
"Mymensingh","Sherpur","Nakla","2150","Nakla"
"Mymensingh","Sherpur","Nakla","2151","Gonopaddi"
"Mymensingh","Sherpur","Nalitabari","2110","Nalitabari"
"Mymensingh","Sherpur","Nalitabari","2111","Hatibandha"
"Mymensingh","Sherpur","Sherpur Shadar","2100","Sherpur Shadar"
"Mymensingh","Sherpur","Shribardi","2130","Shribardi"
"Rajshahi","Bogra","Adamdighi","5890","Adamdighi"
"Rajshahi","Bogra","Adamdighi","5891","Santahar"
"Rajshahi","Bogra","Adamdighi","5892","Nasharatpur"
"Rajshahi","Bogra","Bogra Sadar","5800","Bogra Sadar"
"Rajshahi","Bogra","Bogra Sadar","5801","Bogra Canttonment"
"Rajshahi","Bogra","Dhunat","5850","Dhunat"
"Rajshahi","Bogra","Dhunat","5851","Gosaibari"
"Rajshahi","Bogra","Dupchachia","5881","Talora"
"Rajshahi","Bogra","Dupchanchia","5880","Dupchanchia"
"Rajshahi","Bogra","Gabtoli","5820","-"
"Rajshahi","Bogra","Gabtoli","5821","Sukhanpukur"
"Rajshahi","Bogra","Kahalu","5870","Kahalu"
"Rajshahi","Bogra","Nandigram","5860","Nandigram"
"Rajshahi","Bogra","Sariakandi","5830","Sariakandi"
"Rajshahi","Bogra","Sariakandi","5831","Chandan Baisha"
"Rajshahi","Bogra","Sherpur","5840","Sherpur"
"Rajshahi","Bogra","Sherpur","5841","Chandaikona"
"Rajshahi","Bogra","Sherpur","5842","Palli Unnyan Accadem"
"Rajshahi","Bogra","Shibganj","5810","Shibganj"
"Rajshahi","Bogra","Sonatola","5826","Sonatola"
"Rajshahi","Chapai Nawabganj","Bholahat","6330","Bholahat"
"Rajshahi","Chapai Nawabganj","Chapai Nawabganj Sadar","6300","Chapai Nawabganj Sadar"
"Rajshahi","Chapai Nawabganj","Chapai Nawabganj Sadar","6301","Rajarampur"
"Rajshahi","Chapai Nawabganj","Chapai Nawabganj Sadar","6302","Ramchandrapur"
"Rajshahi","Chapai Nawabganj","Chapai Nawabganj Sadar","6303","Amnura"
"Rajshahi","Chapai Nawabganj","Nachol","6310","Nachol"
"Rajshahi","Chapai Nawabganj","Nachol","6311","Mandumala"
"Rajshahi","Chapai Nawabganj","Rohanpur","6320","Rohanpur"
"Rajshahi","Chapai Nawabganj","Rohanpur","6321","Gomashtapur"
"Rajshahi","Chapai Nawabganj","Shibganj U.P.O","6340","Shibganj U.P.O"
"Rajshahi","Chapai Nawabganj","Shibganj U.P.O","6341","Kansart"
"Rajshahi","Chapai Nawabganj","Shibganj U.P.O","6342","Manaksha"
"Rajshahi","Joypurhat","Akkelpur","5940","Akklepur"
"Rajshahi","Joypurhat","Akkelpur","5941","jamalganj"
"Rajshahi","Joypurhat","Akkelpur","5942","Tilakpur"
"Rajshahi","Joypurhat","Joypurhat Sadar","5900","Joypurhat Sadar"
"Rajshahi","Joypurhat","kalai","5930","kalai"
"Rajshahi","Joypurhat","Khetlal","5920","Khetlal"
"Rajshahi","Joypurhat","panchbibi","5910","Panchbibi"
"Rajshahi","Naogaon","Ahsanganj","6596","Ahsanganj"
"Rajshahi","Naogaon","Ahsanganj","6597","Bandai"
"Rajshahi","Naogaon","Badalgachhi","6570","Badalgachhi"
"Rajshahi","Naogaon","Dhamuirhat","6580","Dhamuirhat"
"Rajshahi","Naogaon","Mahadebpur","6530","Mahadebpur"
"Rajshahi","Naogaon","Naogaon Sadar","6500","Naogaon Sadar"
"Rajshahi","Naogaon","Niamatpur","6520","Niamatpur"
"Rajshahi","Naogaon","Nitpur","6550","Nitpur"
"Rajshahi","Naogaon","Nitpur","6551","Porsa"
"Rajshahi","Naogaon","Nitpur","6552","Panguria"
"Rajshahi","Naogaon","Patnitala","6540","Patnitala"
"Rajshahi","Naogaon","Prasadpur","6510","Prasadpur"
"Rajshahi","Naogaon","Prasadpur","6511","Manda"
"Rajshahi","Naogaon","Prasadpur","6512","Balihar"
"Rajshahi","Naogaon","Raninagar","6590","Raninagar"
"Rajshahi","Naogaon","Raninagar","6591","Kashimpur"
"Rajshahi","Naogaon","Sapahar","6560","Sapahar"
"Rajshahi","Naogaon","Sapahar","6561","Moduhil"
"Rajshahi","Natore","Gopalpur UPO","6420","Gopalpur U.P.O"
"Rajshahi","Natore","Gopalpur UPO","6421","Lalpur S.O"
"Rajshahi","Natore","Gopalpur UPO","6422","Abdulpur"
"Rajshahi","Natore","Harua","6430","Harua"
"Rajshahi","Natore","Harua","6431","Dayarampur"
"Rajshahi","Natore","Harua","6432","Baraigram"
"Rajshahi","Natore","Hatgurudaspur","6440","Hatgurudaspur"
"Rajshahi","Natore","Laxman","6410","Laxman"
"Rajshahi","Natore","Natore Sadar","6400","Natore Sadar"
"Rajshahi","Natore","Natore Sadar","6401","Digapatia"
"Rajshahi","Natore","Natore Sadar","6402","Baiddyabal Gharia"
"Rajshahi","Natore","Natore Sadar","6403","Madhnagar"
"Rajshahi","Natore","Singra","6450","Singra"
"Rajshahi","Pabna","Atghoria","6610","Atghoria"
"Rajshahi","Pabna","Banwarinagar","6650","Banwarinagar"
"Rajshahi","Pabna","Bera","6680","Bera"
"Rajshahi","Pabna","Bera","6681","Nakalia"
"Rajshahi","Pabna","Bera","6682","Kashinathpur"
"Rajshahi","Pabna","Bera","6683","Puran Bharenga"
"Rajshahi","Pabna","Bhangura","6640","Bhangura"
"Rajshahi","Pabna","Chatmohar","6630","Chatmohar"
"Rajshahi","Pabna","Ishwardi","6620","Ishwardi"
"Rajshahi","Pabna","Ishwardi","6621","Dhapari"
"Rajshahi","Pabna","Ishwardi","6622","Pakshi"
"Rajshahi","Pabna","Ishwardi","6623","Rajapur"
"Rajshahi","Pabna","Pabna Sadar","6600","Pabna Sadar"
"Rajshahi","Pabna","Pabna Sadar","6601","Kaliko Cotton Mills"
"Rajshahi","Pabna","Pabna Sadar","6602","Hamayetpur"
"Rajshahi","Pabna","Sathia","6670","Sathia"
"Rajshahi","Pabna","Sujanagar","6660","Sujanagar"
"Rajshahi","Pabna","Sujanagar","6661","Sagarkandi"
"Rajshahi","Rajshahi","Bagha","6280","Bagha"
"Rajshahi","Rajshahi","Bagha","6281","Arani"
"Rajshahi","Rajshahi","Bagmara","6250","Bhabaniganj"
"Rajshahi","Rajshahi","Bagmara","6251","Taharpur"
"Rajshahi","Rajshahi","Charghat","6270","Charghat"
"Rajshahi","Rajshahi","Charghat","6271","Sarda"
"Rajshahi","Rajshahi","Durgapur","6240","Durgapur"
"Rajshahi","Rajshahi","Godagari","6290","Godagari"
"Rajshahi","Rajshahi","Godagari","6291","Premtoli"
"Rajshahi","Rajshahi","Khod Mohanpur","6220","Khodmohanpur"
"Rajshahi","Rajshahi","Lalitganj","6210","Lalitganj"
"Rajshahi","Rajshahi","Lalitganj","6211","Rajshahi Sugar Mills"
"Rajshahi","Rajshahi","Lalitganj","6212","Shyampur"
"Rajshahi","Rajshahi","Putia","6260","Putia"
"Rajshahi","Rajshahi","Rajshahi Sadar","6000","Rajshahi Sadar"
"Rajshahi","Rajshahi","Rajshahi Sadar","6100","Ghuramara"
"Rajshahi","Rajshahi","Rajshahi Sadar","6201","Rajshahi Court"
"Rajshahi","Rajshahi","Rajshahi Sadar","6202","Rajshahi Canttonment"
"Rajshahi","Rajshahi","Rajshahi Sadar","6203","Sapura"
"Rajshahi","Rajshahi","Rajshahi Sadar","6204","Kazla"
"Rajshahi","Rajshahi","Rajshahi Sadar","6205","Rajshahi University"
"Rajshahi","Rajshahi","Rajshahi Sadar","6206","Binodpur Bazar"
"Rajshahi","Rajshahi","Tanor","6230","Tanor"
"Rajshahi","Sirajganj","Baiddya Jam Toil","6730","Baiddya Jam Toil"
"Rajshahi","Sirajganj","Belkuchi","6740","Belkuchi"
"Rajshahi","Sirajganj","Belkuchi","6741","Sohagpur"
"Rajshahi","Sirajganj","Belkuchi","6742","Rajapur"
"Rajshahi","Sirajganj","Belkuchi","6751","Enayetpur"
"Rajshahi","Sirajganj","Belkuchi","6752","Sthal"
"Rajshahi","Sirajganj","Dhangora","6720","Dhangora"
"Rajshahi","Sirajganj","Dhangora","6721","Malonga"
"Rajshahi","Sirajganj","Kamarkhanda","6730","Rasulpur"
"Rajshahi","Sirajganj","Kazipur","6710","Kazipur"
"Rajshahi","Sirajganj","Kazipur","6711","Shuvgachha"
"Rajshahi","Sirajganj","Kazipur","6712","Gandail"
"Rajshahi","Sirajganj","Shahjadpur","6770","Shahjadpur"
"Rajshahi","Sirajganj","Shahjadpur","6771","Porjana"
"Rajshahi","Sirajganj","Shahjadpur","6772","Jamirta"
"Rajshahi","Sirajganj","Shahjadpur","6773","Kaijuri"
"Rajshahi","Sirajganj","Sirajganj Sadar","6700","Sirajganj Sadar"
"Rajshahi","Sirajganj","Sirajganj Sadar","6701","Raipur"
"Rajshahi","Sirajganj","Sirajganj Sadar","6702","Rashidabad"
"Rajshahi","Sirajganj","Tarash","6780","Tarash"
"Rajshahi","Sirajganj","Ullapara","6760","Ullapara"
"Rajshahi","Sirajganj","Ullapara","6761","Ullapara R.S"
"Rajshahi","Sirajganj","Ullapara","6762","Lahiri Mohanpur"
"Rajshahi","Sirajganj","Ullapara","6763","Salap"
"Rangpur","Dinajpur","Bangla Hili","5270","Bangla Hili"
"Rangpur","Dinajpur","Biral","5210","Biral"
"Rangpur","Dinajpur","Birampur","5266","Birampur"
"Rangpur","Dinajpur","Birganj","5220","Birganj"
"Rangpur","Dinajpur","Chirirbandar","5240","Chirirbandar"
"Rangpur","Dinajpur","Chirirbandar","5241","Ranirbandar"
"Rangpur","Dinajpur","Dinajpur Sadar","5200","Dinajpur Sadar"
"Rangpur","Dinajpur","Dinajpur Sadar","5201","Dinajpur Rajbari"
"Rangpur","Dinajpur","Ghoraghat","5290","Osmanpur"
"Rangpur","Dinajpur","Ghoraghat","5291","Ghoraghat"
"Rangpur","Dinajpur","Khansama","5230","Khansama"
"Rangpur","Dinajpur","Khansama","5231","Pakarhat"
"Rangpur","Dinajpur","Maharajganj","5226","Maharajganj"
"Rangpur","Dinajpur","Nawabganj","5280","Nawabganj"
"Rangpur","Dinajpur","Nawabganj","5281","Daudpur"
"Rangpur","Dinajpur","Nawabganj","5282","Gopalpur"
"Rangpur","Dinajpur","Parbatipur","5250","Parbatipur"
"Rangpur","Dinajpur","Phulbari","5260","Phulbari"
"Rangpur","Dinajpur","Setabganj","5216","Setabganj"
"Rangpur","Gaibandha","Bonarpara","5750","Bonarpara"
"Rangpur","Gaibandha","Bonarpara","5751","saghata"
"Rangpur","Gaibandha","Gaibandha Sadar","5700","Gaibandha Sadar"
"Rangpur","Gaibandha","Gobindaganj","5740","Gobindhaganj"
"Rangpur","Gaibandha","Gobindaganj","5741","Mahimaganj"
"Rangpur","Gaibandha","Palashbari","5730","Palashbari"
"Rangpur","Gaibandha","Phulchhari","5760","Phulchhari"
"Rangpur","Gaibandha","Phulchhari","5761","Bharatkhali"
"Rangpur","Gaibandha","Saadullapur","5710","Saadullapur"
"Rangpur","Gaibandha","Saadullapur","5711","Naldanga"
"Rangpur","Gaibandha","Sundarganj","5720","Sundarganj"
"Rangpur","Gaibandha","Sundarganj","5721","Bamandanga"
"Rangpur","Kurigram","Bhurungamari","5670","Bhurungamari"
"Rangpur","Kurigram","Chilmari","5630","Chilmari"
"Rangpur","Kurigram","Chilmari","5631","Jorgachh"
"Rangpur","Kurigram","Kurigram Sadar","5600","Kurigram Sadar"
"Rangpur","Kurigram","Kurigram Sadar","5601","Pandul"
"Rangpur","Kurigram","Kurigram Sadar","5680","Phulbari"
"Rangpur","Kurigram","Nageshwar","5660","Nageshwar"
"Rangpur","Kurigram","Rajarhat","5610","Rajarhat"
"Rangpur","Kurigram","Rajarhat","5611","Nazimkhan"
"Rangpur","Kurigram","Rajibpur","5650","Rajibpur"
"Rangpur","Kurigram","Roumari","5640","Roumari"
"Rangpur","Kurigram","Ulipur","5620","Ulipur"
"Rangpur","Kurigram","Ulipur","5621","Bozra hat"
"Rangpur","Lalmonirhat","Aditmari","5510","Aditmari"
"Rangpur","Lalmonirhat","Hatibandha","5530","Hatibandha"
"Rangpur","Lalmonirhat","Lalmonirhat Sadar","5500","Lalmonirhat Sadar"
"Rangpur","Lalmonirhat","Lalmonirhat Sadar","5501","Moghalhat"
"Rangpur","Lalmonirhat","Lalmonirhat Sadar","5502","Kulaghat SO"
"Rangpur","Lalmonirhat","Patgram","5540","Patgram"
"Rangpur","Lalmonirhat","Patgram","5541","Baura"
"Rangpur","Lalmonirhat","Patgram","5542","Burimari"
"Rangpur","Lalmonirhat","Tushbhandar","5520","Tushbhandar"
"Rangpur","Nilphamari","Dimla","5350","Dimla"
"Rangpur","Nilphamari","Dimla","5351","Ghaga Kharibari"
"Rangpur","Nilphamari","Domar","5340","Domar"
"Rangpur","Nilphamari","Domar","5341","Chilahati"
"Rangpur","Nilphamari","Jaldhaka","5330","Jaldhaka"
"Rangpur","Nilphamari","Kishoriganj","5320","Kishoriganj"
"Rangpur","Nilphamari","Nilphamari Sadar","5300","Nilphamari Sadar"
"Rangpur","Nilphamari","Nilphamari Sadar","5301","Nilphamari Sugar Mil"
"Rangpur","Nilphamari","Saidpur","5310","Saidpur"
"Rangpur","Nilphamari","Saidpur","5311","Saidpur Upashahar"
"Rangpur","Panchagarh","Boda","5010","Boda"
"Rangpur","Panchagarh","Chotto Dab","4050","Chotto Dab"
"Rangpur","Panchagarh","Chotto Dab","5041","Mirjapur"
"Rangpur","Panchagarh","Dabiganj","5020","Dabiganj"
"Rangpur","Panchagarh","Panchagra Sadar","5000","Panchagar Sadar"
"Rangpur","Panchagarh","Tetulia","5030","Tetulia"
"Rangpur","Rangpur","Badarganj","5430","Badarganj"
"Rangpur","Rangpur","Badarganj","5431","Shyampur"
"Rangpur","Rangpur","Gangachara","5410","Gangachara"
"Rangpur","Rangpur","Kaunia","5440","Kaunia"
"Rangpur","Rangpur","Kaunia","5441","Haragachh"
"Rangpur","Rangpur","Mithapukur","5460","Mithapukur"
"Rangpur","Rangpur","Pirgachha","5450","Pirgachha"
"Rangpur","Rangpur","Pirganj","5470","Pirganj"
"Rangpur","Rangpur","Pirgonj","5470","Gujjipara"
"Rangpur","Rangpur","Rangpur Sadar","5400","Rangpur Sadar"
"Rangpur","Rangpur","Rangpur Sadar","5401","Rangpur Upa-Shahar"
"Rangpur","Rangpur","Rangpur Sadar","5402","Alamnagar"
"Rangpur","Rangpur","Rangpur Sadar","5403","Mahiganj"
"Rangpur","Rangpur","Rangpur Sadar","5404","Rangpur Cadet Colleg"
"Rangpur","Rangpur","Rangpur Sadar","5405","Rangpur Carmiecal Col"
"Rangpur","Rangpur","Taraganj","5420","Taraganj"
"Rangpur","Thakurgaon","Baliadangi","5140","Baliadangi"
"Rangpur","Thakurgaon","Baliadangi","5141","Lahiri"
"Rangpur","Thakurgaon","Jibanpur","5130","Jibanpur"
"Rangpur","Thakurgaon","Pirganj","5110","Pirganj"
"Rangpur","Thakurgaon","Rani Sankail","5120","Rani Sankail"
"Rangpur","Thakurgaon","Rani Sankail","5121","Nekmarad"
"Rangpur","Thakurgaon","Thakurgaon Sadar","5100","Thakurgaon Sadar"
"Rangpur","Thakurgaon","Thakurgaon Sadar","5101","Thakurgaon Road"
"Rangpur","Thakurgaon","Thakurgaon Sadar","5102","Shibganj"
"Rangpur","Thakurgaon","Thakurgaon Sadar","5103","Ruhia"
"Sylhet","Habiganj","Azmireeganj","3360","Azmireeganj"
"Sylhet","Habiganj","Bahubal","3310","Bahubal"
"Sylhet","Habiganj","Baniachang","3350","Baniachang"
"Sylhet","Habiganj","Baniachang","3351","Jatrapasha"
"Sylhet","Habiganj","Baniachang","3352","Kadirganj"
"Sylhet","Habiganj","Chunarughat","3320","Chunarughat"
"Sylhet","Habiganj","Chunarughat","3321","Chandpurbagan"
"Sylhet","Habiganj","Chunarughat","3322","Narapati"
"Sylhet","Habiganj","Habiganj Sadar","3300","Habiganj Sadar"
"Sylhet","Habiganj","Habiganj Sadar","3301","Shaestaganj"
"Sylhet","Habiganj","Habiganj Sadar","3302","Gopaya"
"Sylhet","Habiganj","Kalauk","3340","Kalauk"
"Sylhet","Habiganj","Kalauk","3341","Lakhai"
"Sylhet","Habiganj","Madhabpur","3330","Madhabpur"
"Sylhet","Habiganj","Madhabpur","3331","Itakhola"
"Sylhet","Habiganj","Madhabpur","3332","Shahajibazar"
"Sylhet","Habiganj","Madhabpur","3333","Saihamnagar"
"Sylhet","Habiganj","Nabiganj","3370","Nabiganj"
"Sylhet","Habiganj","Nabiganj","3371","Goplarbazar"
"Sylhet","Habiganj","Nabiganj","3372","Golduba"
"Sylhet","Habiganj","Nabiganj","3373","Digalbak"
"Sylhet","Habiganj","Nabiganj","3374","Inathganj"
"Sylhet","Moulvibazar","Baralekha","3250","Baralekha"
"Sylhet","Moulvibazar","Baralekha","3251","Juri"
"Sylhet","Moulvibazar","Baralekha","3252","Dhakkhinbag"
"Sylhet","Moulvibazar","Baralekha","3253","Purbashahabajpur"
"Sylhet","Moulvibazar","Kamalganj","3220","Kamalganj"
"Sylhet","Moulvibazar","Kamalganj","3221","Keramatnaga"
"Sylhet","Moulvibazar","Kamalganj","3222","Patrakhola"
"Sylhet","Moulvibazar","Kamalganj","3223","Shamsher Nagar"
"Sylhet","Moulvibazar","Kamalganj","3224","Munshibazar"
"Sylhet","Moulvibazar","Kulaura","3230","Kulaura"
"Sylhet","Moulvibazar","Kulaura","3231","Tillagaon"
"Sylhet","Moulvibazar","Kulaura","3232","Langla"
"Sylhet","Moulvibazar","Kulaura","3233","Prithimpasha"
"Sylhet","Moulvibazar","Kulaura","3234","Kajaldhara"
"Sylhet","Moulvibazar","Kulaura","3235","Karimpur"
"Sylhet","Moulvibazar","Kulaura","3237","Baramchal"
"Sylhet","Moulvibazar","Moulvibazar Sadar","3200","Moulvibazar Sadar"
"Sylhet","Moulvibazar","Moulvibazar Sadar","3201","Barakapan"
"Sylhet","Moulvibazar","Moulvibazar Sadar","3202","Monumukh"
"Sylhet","Moulvibazar","Moulvibazar Sadar","3203","Afrozganj"
"Sylhet","Moulvibazar","Rajnagar","3240","Rajnagar"
"Sylhet","Moulvibazar","Srimangal","3210","Srimangal"
"Sylhet","Moulvibazar","Srimangal","3211","Narain Chora"
"Sylhet","Moulvibazar","Srimangal","3212","Kalighat"
"Sylhet","Moulvibazar","Srimangal","3213","Khejurichhara"
"Sylhet","Moulvibazar","Srimangal","3214","Satgaon"
"Sylhet","Sunamganj","Bishamsarpur","3010","Bishamsapur"
"Sylhet","Sunamganj","Chhatak","3080","Chhatak"
"Sylhet","Sunamganj","Chhatak","3081","Chhatak Cement Facto"
"Sylhet","Sunamganj","Chhatak","3082","Chhatak Paper Mills"
"Sylhet","Sunamganj","Chhatak","3083","Gabindaganj"
"Sylhet","Sunamganj","Chhatak","3084","Gabindaganj Natun Ba"
"Sylhet","Sunamganj","Chhatak","3085","Khurma"
"Sylhet","Sunamganj","Chhatak","3086","Moinpur"
"Sylhet","Sunamganj","Chhatak","3087","jahidpur"
"Sylhet","Sunamganj","Chhatak","3088","Islamabad"
"Sylhet","Sunamganj","Chhatak","3893","Chourangi Bazar"
"Sylhet","Sunamganj","Dhirai Chandpur","3040","Dhirai Chandpur"
"Sylhet","Sunamganj","Dhirai Chandpur","3041","Jagdal"
"Sylhet","Sunamganj","Duara bazar","3070","Duara bazar"
"Sylhet","Sunamganj","Ghungiar","3050","Ghungiar"
"Sylhet","Sunamganj","Jagnnathpur","3060","Jagnnathpur"
"Sylhet","Sunamganj","Jagnnathpur","3061","Syedpur"
"Sylhet","Sunamganj","Jagnnathpur","3062","Atuajan"
"Sylhet","Sunamganj","Jagnnathpur","3063","Hasan Fatemapur"
"Sylhet","Sunamganj","Jagnnathpur","3064","Rasulganj"
"Sylhet","Sunamganj","Jagnnathpur","3065","Shiramsi"
"Sylhet","Sunamganj","Jagnnathpur","3127","Dawrai Bazar"
"Sylhet","Sunamganj","Sachna","3020","Sachna"
"Sylhet","Sunamganj","Sunamganj Sadar","3000","Sunamganj Sadar"
"Sylhet","Sunamganj","Sunamganj Sadar","3001","Pagla"
"Sylhet","Sunamganj","Sunamganj Sadar","3002","Patharia"
"Sylhet","Sunamganj","Tahirpur","3030","Tahirpur"
"Sylhet","Sylhet","Balaganj","3120","Balaganj"
"Sylhet","Sylhet","Balaganj","3121","Karua"
"Sylhet","Sylhet","Balaganj","3122","Brahman Shashon"
"Sylhet","Sylhet","Balaganj","3124","Goala Bazar"
"Sylhet","Sylhet","Balaganj","3125","Begumpur"
"Sylhet","Sylhet","Balaganj","3126","Omarpur"
"Sylhet","Sylhet","Balaganj","3127","Kathal Khair"
"Sylhet","Sylhet","Balaganj","3128","Gaharpur"
"Sylhet","Sylhet","Balaganj","3129","Natun Bazar"
"Sylhet","Sylhet","Balaganjgfhfghj","3123","Tajpur"
"Sylhet","Sylhet","Bianibazar","3170","Bianibazar"
"Sylhet","Sylhet","Bianibazar","3171","jaldup"
"Sylhet","Sylhet","Bianibazar","3172","Mathiura"
"Sylhet","Sylhet","Bianibazar","3173","Kurar bazar"
"Sylhet","Sylhet","Bianibazar","3174","Salia bazar"
"Sylhet","Sylhet","Bianibazar","3175","Churkai"
"Sylhet","Sylhet","Bishwanath","3130","Bishwanath"
"Sylhet","Sylhet","Bishwanath","3131","Dashghar"
"Sylhet","Sylhet","Bishwanath","3132","Doulathpur"
"Sylhet","Sylhet","Bishwanath","3133","Deokalas"
"Sylhet","Sylhet","Bishwanath","3134","Singer kanch"
"Sylhet","Sylhet","Fenchuganj","3116","Fenchuganj"
"Sylhet","Sylhet","Fenchuganj","3117","Fenchuganj SareKarkh"
"Sylhet","Sylhet","Goainghat","3150","Goainghat"
"Sylhet","Sylhet","Goainghat","3151","Jaflong"
"Sylhet","Sylhet","Goainghat","3152","Chiknagul"
"Sylhet","Sylhet","Golapganj","3160","Golapganj"
"Sylhet","Sylhet","Golapganj","3161","Dhaka Dakkshin"
"Sylhet","Sylhet","Golapganj","3162","Dakkhin Bhadashore"
"Sylhet","Sylhet","Golapganj","3163","Ranaping"
"Sylhet","Sylhet","Golapganj","3164","banigram"
"Sylhet","Sylhet","Golapganj","3165","Chandanpur"
"Sylhet","Sylhet","Jaintapur","3156","Jaintapur"
"Sylhet","Sylhet","Jakiganj","3190","Jakiganj"
"Sylhet","Sylhet","Jakiganj","3191","Ichhamati"
"Sylhet","Sylhet","Kanaighat","3180","Kanaighat"
"Sylhet","Sylhet","Kanaighat","3181","Chatulbazar"
"Sylhet","Sylhet","Kanaighat","3182","Manikganj"
"Sylhet","Sylhet","Kanaighat","3183","Gachbari"
"Sylhet","Sylhet","Kompanyganj","3140","Kompanyganj"
"Sylhet","Sylhet","Shahporan","3104","Jalalabad Cantoment"
"Sylhet","Sylhet","Sylhet Sadar","3100","Sylhet Sadar"
"Sylhet","Sylhet","Sylhet Sadar","3101","Sylhet Cadet Col"
"Sylhet","Sylhet","Sylhet Sadar","3102","Sylhet Biman Bondar"
"Sylhet","Sylhet","Sylhet Sadar","3103","Khadimnagar"
"Sylhet","Sylhet","Sylhet Sadar","3105","Silam"
"Sylhet","Sylhet","Sylhet Sadar","3106","Birahimpur"
"Sylhet","Sylhet","Sylhet Sadar","3107","Jalalabad"
"Sylhet","Sylhet","Sylhet Sadar","3108","Mogla"
"Sylhet","Sylhet","Sylhet Sadar","3109","Ranga Hajiganj"
"Sylhet","Sylhet","Sylhet Sadar","3111","Kadamtali"
"Sylhet","Sylhet","Sylhet Sadar","3112","Kamalbazer"
"Sylhet","Sylhet","Sylhet Sadar","3113","Lalbazar"
"Sylhet","Sylhet","Sylhet Sadar","3114","Shahajalal Science &amp;"
